排名,股名(代號),賺賠,Min-Max 正規化分數,收盤價,近5日漲停次數,近10日漲停次數,近20日漲停次數,近30日漲停次數,近5日跌停次數,近10日跌停次數,近20日跌停次數,近30日跌停次數,5日外資,10日外資,15日外資,5日成交量,10日成交量,15日成交量,5日均線,10日均線,20日均線,60日均線,RSI6,RSI12,RSI24,KDJ.j6,KDJ.j12,KDJ.j24,MACD12_26,MACD26_12,MACD_diff12_26,WR6,WR12,WR24
1,雍智科技(6683),115,100.00%,1590,0,1,3,4,0,0,0,0,-295308,-445098,-261076,5125000,16478000,21023000,1546,1569.5,1466.5,1347.43,37.5,70.27,67.01,20.65,57.1,66.75,75.07,70,10.15,-51.72,-29.7,-23.81
2,環球晶(6488),90,96.71%,1035,1,1,1,1,0,0,0,0,2366482,-494946,-4143553,81555000,127116000,156066000,969.8,948.7,947.8,1023.55,76.92,71.07,51.81,84.99,94.38,93,-0.21,-10.34,20.25,0,0,0
3,竑騰(7751),70,94.08%,1625,0,0,1,4,0,0,0,2,-47565,-30585,4949,789000,1645000,2663000,1510,1466,1501.25,1417.83,75.93,61.68,48.92,106.29,106.93,47.19,5.98,-2.27,16.5,-10.42,-7.25,-52.94
4,光焱科技(7728),60,92.76%,667,1,1,1,1,0,0,0,0,60000,-40000,-31000,343000,858000,999000,606.8,610.6,621.55,617,90.29,64.25,61.68,101.58,65.51,61.71,-0.73,-2.31,3.15,0,-22.83,-22.83
5,弘塑(3131),50,91.45%,2525,0,0,0,1,0,0,0,0,178439,-5955,-182859,1909000,3148000,5695000,2437,2413.5,2430.5,2643.75,64.29,55.75,56.64,72.62,86.04,56.95,-20.76,-41.56,41.61,-26,-19.12,-42.72
6,M31(6643),50,91.45%,555,1,1,1,1,0,0,0,0,-42336,251106,91878,9821000,12876000,15331000,508.2,474.5,446.27,435.48,83.92,78.16,69.61,99.45,103.51,103.82,23.85,11.12,25.45,0,0,0
7,穩懋(3105),49,91.32%,542,1,1,2,3,0,0,0,0,20776474,29813674,27738015,137686000,315140000,410433000,507,492.3,473.98,406.88,74.14,72.8,72.8,87.71,98,98.46,27.19,23.46,7.47,0,0,0
8,聯亞(3081),45,90.79%,2695,0,0,0,2,0,0,0,0,-442302,-3475819,-3411260,10610000,28188000,44697000,2710,2750.5,2889.25,2443.42,20.63,42.01,48.62,22.68,27.06,2.67,-8.2,41.45,-99.31,-69.86,-69.86,-89.16
9,台燿(6274),35,89.47%,1520,0,0,0,0,0,0,0,0,-1546569,2726858,6285813,39524000,94977000,124057000,1480,1431,1405.5,1421.75,94.12,63.16,53.4,91.65,99.35,96.34,13.44,-2.99,32.87,-15.38,-10.91,-15.52
10,群聯(8299),35,89.47%,2150,0,0,0,0,0,0,0,0,449200,2578399,3024979,20681000,38481000,51735000,2158,2095.5,2070.75,2024.25,52.38,57.02,50.79,23.31,54.71,56.39,27.39,16.09,22.61,-74.07,-44.44,-44.44
11,巨有科技(8227),33.5,89.28%,370.5,2,2,6,6,0,0,0,0,-74102,743868,3675283,6679000,16765000,58844000,325.8,297.5,242.7,187.55,96.45,90.69,87.18,101.48,101.61,101.38,45.18,33.64,23.09,0,0,0
12,晶呈科技(4768),22.5,87.83%,380,1,1,1,1,0,0,0,0,-818150,-682252,-864199,6385000,8405000,9609000,340.6,324.95,313.12,315.52,88.24,75.89,64.77,105.19,110.81,113.39,9.63,1.92,15.42,-2.78,-2.15,-2.15
13,鈦昇(8027),20,87.50%,222,2,2,2,2,0,0,0,0,1442598,2491452,1498399,15953000,27471000,38881000,193.1,183.6,180.47,189.41,90.38,80,69.68,110.4,114.79,114.27,4.06,-0.85,9.82,0,0,0
14,中美晶(5483),18.5,87.30%,207.5,1,1,1,1,0,0,0,0,28546378,42174378,39075637,141589000,211222000,245550000,192.9,188,183.9,190.66,73.26,73.17,63.13,79.1,90.21,93.67,3.17,0.86,4.61,0,0,0
15,大甲(2221),17.5,87.17%,197.5,3,7,9,10,0,0,0,0,-329989,331052,-732197,28052000,69041000,99322000,170.8,143.91,116.22,73.69,100,94.22,90.37,103.69,101.95,101.04,29,20.8,16.4,-0.81,-0.46,-0.38
997,信驊(5274),-645,0.00%,18750,0,0,1,1,0,0,0,0,36426,1441,91941,1169000,1969000,3432000,19833,19232,18704.5,16445.08,42.84,50.36,63.71,-3.38,32.08,56.19,803.44,812.01,-17.14,-97.76,-65.87,-43.66
996,雙鴻(3324),-100,71.71%,1530,0,0,2,3,0,0,0,0,-1573795,-2656921,-2812760,23373000,50616000,56706000,1613,1507,1449.25,1131.35,55.95,55.49,64.84,38.4,66.25,74.94,123.47,114.26,18.42,-75.86,-43.14,-31.65
995,精測(6510),-75,75.00%,3065,0,1,3,3,0,0,0,0,-65481,-342070,132914,5609000,9476000,15474000,3338,3338,3393.25,2962.25,24.29,31.94,56.77,-2.32,-5.96,32.48,74.18,127.84,-107.32,-98.61,-98.61,-64.21
994,漢測(7856),-65,76.32%,4250,1,1,1,1,0,0,0,0,356114,356114,356114,3552000,3552000,3552000,4526,4526,4526,4526,0,0,0,0,0,0,0,0,0,0,0,0
993,旺矽(6223),-60,76.97%,5125,0,0,0,0,0,0,0,2,982296,816031,489359,5347000,8851000,13674000,5338,5452.5,5458,5752.75,22.45,37.4,44.86,2.14,-3.26,29.67,-79.36,-55.13,-48.46,-95.39,-95.45,-70.3
990,營邦(3693),-15,82.89%,687,0,0,0,0,0,0,0,0,-577334,-1101583,-71376,8745000,17336000,28704000,710,700,683.5,563.01,39.51,48.97,69.25,-0.54,47.78,72.48,37.12,41.31,-8.37,-100,-54.95,-30.35
991,印能科技(7734),-15,82.89%,2665,0,0,0,0,0,0,0,0,24054,62975,175862,807000,2400000,3811000,2647,2611.5,2703.5,2966.08,49.35,42.93,47.74,50.48,65.73,41.75,-92.87,-112.37,38.99,-60.34,-40.23,-65.79
992,創新服務(7828),-15,82.89%,1885,0,1,2,2,0,0,0,0,-198785,-79464,485902,1094000,2728000,5065000,1929,1959.5,1940.75,1817.42,14.71,41.24,59.18,-8.5,3.92,51.17,46.47,62.61,-32.28,-96.3,-86.67,-46.31
989,昇達科(3491),-10,83.55%,1500,0,0,0,0,0,0,0,0,-735643,-1053370,-1382510,6219000,12904000,20121000,1522,1497.5,1471.25,1323.7,36.17,62.83,57.78,14.6,65.73,72.8,46.71,45.5,2.41,-86.67,-40.62,-31.71
988,信昌電(6173),-9,83.68%,288.5,0,0,2,5,0,0,0,0,527383,1104147,-1839560,54359000,168410000,303662000,299.6,303.3,288.18,236.94,11.94,46.2,66.16,-14.77,24.49,67.39,19.27,22.11,-5.67,-98.84,-72.65,-31.25
