date,code,name,id,trade_volume,trade_value,open_price,high_price,low_price,close_price,change,transaction_count,foreign_inv,inv_trust,dealer,m_bband,m_bband_EMA,m_bband_MA,m_cdp,m_ma,m_pbr,m_pbl,m_per,m_sar,m_tcls,s_macd,s_rsi,s_vol,s_p,s_foring,s_trust,s_ema,s_ar,s_BandWidth,s_bb_persent_b,S_bbi,s_bias,s_br,s_cci,s_dmi,s_eom,s_kd,s_mtm,s_nvi,s_obv,s_psy,s_pvi,s_roc,s_tower,s_vao,s_vr,s_wc,s_wr,c_borrow_balance,c_price_coupon,c_day_trade_vol,c_stock_day_trade,c_stock_day_trade_ratio,c_margin_day_trade,c_margin_day_trade_ratio,c_open_interest,c_futures_institutional_holdings,c_big_holder_ratio,c_retail_holder_ratio,c_insider_holder_ratio,c_main_force_buy_sell,c_retail_buy_sell,c_buy_sell_diff,c_add_choice_count,c_del_choice_count,c_adl,c_adr,f_month_rev,f_rev_month_growth,f_rev_year_growth,s_kdj,s_2560
20260916,00411A,主動統一前沿科技,125985,5497000,52999700,9.58,9.69,9.58,9.66,+0.02,500,"-5,000",0,"398,243","{""upper"": 10.29, ""middle"": 9.81, ""lower"": 9.34}","{""upper"": 10.29, ""middle"": 9.81, ""lower"": 9.34}","{""upper"": 10.29, ""middle"": 9.81, ""lower"": 9.34}","{""cdp"": 9.65, ""ah"": 9.76, ""nh"": 9.72, ""nl"": 9.61, ""al"": 9.54}","{""ma5"": 9.67, ""ma10"": 9.76}",,,,9.76,,,"{""rsi6"": 6.06, ""rsi12"": 48.65}","{""current"": 5497000.0, ""ma5"": 9725200.0, ""ma10"": 13457000.0}",393243.0,-5000.0,0.0,"{""ema12"": 9.71}",80.75,0.0965,1.2051,10.23,"{""bias5"": -0.12, ""bias10"": -1.0}",185.8,-37.9,"{""pdi"": 58.5, ""mdi"": 7.91, ""adx"": 76.19}",0.0,"{""k"": 43.04, ""d"": 50.53}",-0.03,875.15,-8991000.0,25.0,981.9,-0.31,95.33,125201000.0,213.24,9.65,-62.26,,,,,,,,,,,,,-5000.0,-393243.0,393243.0,,,2,0.4,,,,"{""k"": 43.04, ""d"": 50.53, ""j"": 28.06}","{""ma25"": null, ""ma25_slope"": null, ""vol5"": 9725200.0, ""vol60"": null, ""vol120"": null, ""vol_ratio_5_60"": null, ""low_vs_ma25_pct"": null, ""close_vs_ma25_pct"": null, ""body_size"": 0.08, ""upper_shadow"": 0.03, ""lower_shadow"": 0.0, ""pullback_count_25ma"": 0, ""first_pullback_flag"": 0, ""hard_filter_pass"": 0, ""pattern_type"": ""\u7121"", ""score"": 10.0}"
20260916,006201,元大富櫃50,126623,34000,1493510,43.45,44.36,43.45,44.27,+1.15,26,"9,000",0,"15,823","{""upper"": 45.91, ""middle"": 44.14, ""lower"": 42.36}","{""upper"": 45.91, ""middle"": 44.14, ""lower"": 42.36}","{""upper"": 45.91, ""middle"": 44.14, ""lower"": 42.36}","{""cdp"": 44.09, ""ah"": 45.0, ""nh"": 44.73, ""nl"": 43.82, ""al"": 43.18}","{""ma5"": 43.84, ""ma10"": 44.41, ""ma20"": 44.14, ""ma25"": 44.13, ""ma60"": 44.11}",,,"{""current_price"": 44.27, ""pe_high"": 66.17, ""pe_mid_high"": 52.93, ""pe_fair"": 44.11, ""pe_mid_low"": 35.29, ""pe_low"": 26.47}",42.58,"{""line1"": 49.86, ""line2"": 46.14, ""line3"": 43.04, ""line4"": 41.71, ""line5"": 39.15}","{""dif"": 0.19, ""dea"": 0.27, ""dem"": 0.27, ""osc"": -0.18, ""mac"": -0.18}","{""rsi6"": 36.2, ""rsi12"": 41.96, ""rsi24"": 45.6}","{""current"": 34000.0, ""ma5"": 92800.0, ""ma10"": 100200.0, ""vol60"": 273017.0}",24823.0,9000.0,0.0,"{""ema12"": 44.22, ""ema26"": 43.99, ""ema50"": 44.04}",87.23,0.0805,0.5377,44.09,"{""bias5"": 0.99, ""bias10"": -0.32, ""bias20"": 0.3}",120.09,-44.01,"{""pdi"": 21.61, ""mdi"": 30.15, ""adx"": 16.5}",0.0,"{""k"": 39.89, ""d"": 41.4}",-1.26,1017.74,1005000.0,33.33,941.51,-2.77,50.36,-379000.0,103.27,44.09,-54.11,,,,,,,,,,,,,9000.0,-24823.0,24823.0,,,-2,0.6,,,,"{""k"": 39.89, ""d"": 41.4, ""j"": 36.87}","{""ma25"": 44.13, ""ma25_slope"": -0.0376, ""vol5"": 92800.0, ""vol60"": 273017.0, ""vol120"": null, ""vol_ratio_5_60"": 0.3399, ""low_vs_ma25_pct"": -1.532, ""close_vs_ma25_pct"": 0.3263, ""body_size"": 0.82, ""upper_shadow"": 0.09, ""lower_shadow"": 0.0, ""pullback_count_25ma"": 5, ""first_pullback_flag"": 0, ""hard_filter_pass"": 0, ""pattern_type"": ""trap\u9677\u9631"", ""score"": 30.0}"
20260916,00679B,元大美債20年,125986,34000000,865399510,25.46,25.52,25.39,25.40,+0.08,5168,"-381,500",0,"12,038,000","{""upper"": 26.25, ""middle"": 25.68, ""lower"": 25.11}","{""upper"": 26.25, ""middle"": 25.68, ""lower"": 25.11}","{""upper"": 26.25, ""middle"": 25.68, ""lower"": 25.11}","{""cdp"": 25.43, ""ah"": 25.56, ""nh"": 25.46, ""nl"": 25.33, ""al"": 25.3}","{""ma5"": 25.33, ""ma10"": 25.47, ""ma20"": 25.68, ""ma25"": 25.76, ""ma60"": 26.4}",,,"{""current_price"": 25.4, ""pe_high"": 39.59, ""pe_mid_high"": 31.68, ""pe_fair"": 26.4, ""pe_mid_low"": 21.12, ""pe_low"": 15.84}",25.21,"{""line1"": 27.37, ""line2"": 26.79, ""line3"": 26.01, ""line4"": 25.16, ""line5"": 24.69}","{""dif"": -0.26, ""dea"": -0.26, ""dem"": -0.26, ""osc"": -0.01, ""mac"": -0.01}","{""rsi6"": 30.43, ""rsi12"": 38.82, ""rsi24"": 35.65}","{""current"": 34000000.0, ""ma5"": 24629400.0, ""ma10"": 19869500.0, ""vol60"": 24010933.0}",11656500.0,-381500.0,0.0,"{""ema12"": 25.5, ""ema26"": 25.77, ""ema50"": 26.06}",59.57,0.0443,0.2553,25.49,"{""bias5"": 0.27, ""bias10"": -0.26, ""bias20"": -1.08}",66.67,-46.23,"{""pdi"": 20.1, ""mdi"": 40.72, ""adx"": 33.9}",0.0,"{""k"": 27.24, ""d"": 20.38}",-0.19,1052.27,-16656000.0,50.0,997.85,-0.74,16.95,-85530000.0,85.26,25.43,-72.22,,,,,,,,,,,,,-381500.0,-11656500.0,11656500.0,,,-2,0.6,,,,"{""k"": 27.24, ""d"": 20.38, ""j"": 40.95}","{""ma25"": 25.76, ""ma25_slope"": -0.0396, ""vol5"": 24629400.0, ""vol60"": 24010933.0, ""vol120"": null, ""vol_ratio_5_60"": 1.0258, ""low_vs_ma25_pct"": -1.4409, ""close_vs_ma25_pct"": -1.4021, ""body_size"": 0.06, ""upper_shadow"": 0.06, ""lower_shadow"": 0.01, ""pullback_count_25ma"": 1, ""first_pullback_flag"": 1, ""hard_filter_pass"": 0, ""pattern_type"": ""\u7121"", ""score"": 10.0}"
20260916,00687B,國泰20年美債,125987,11571000,306126070,26.48,26.52,26.37,26.39,除息,3106,"-765,200",0,"4,589,417","{""upper"": 27.59, ""middle"": 26.97, ""lower"": 26.34}","{""upper"": 27.59, ""middle"": 26.97, ""lower"": 26.34}","{""upper"": 27.59, ""middle"": 26.97, ""lower"": 26.34}","{""cdp"": 26.42, ""ah"": 26.57, ""nh"": 26.46, ""nl"": 26.32, ""al"": 26.27}","{""ma5"": 26.53, ""ma10"": 26.73, ""ma20"": 26.97, ""ma25"": 27.0, ""ma60"": 27.55}",,,"{""current_price"": 26.39, ""pe_high"": 41.32, ""pe_mid_high"": 33.06, ""pe_fair"": 27.55, ""pe_mid_low"": 22.04, ""pe_low"": 16.53}",26.74,"{""line1"": 28.43, ""line2"": 27.89, ""line3"": 27.2, ""line4"": 26.52, ""line5"": 26.1}","{""dif"": -0.26, ""dea"": -0.22, ""dem"": -0.22, ""osc"": -0.09, ""mac"": -0.09}","{""rsi6"": 10.61, ""rsi12"": 25.23, ""rsi24"": 34.52}","{""current"": 11571000.0, ""ma5"": 11517000.0, ""ma10"": 11335800.0, ""vol60"": 18957133.0}",3824217.0,-765200.0,0.0,"{""ema12"": 26.73, ""ema26"": 27.0, ""ema50"": 27.26}",56.49,0.0462,0.0377,26.7,"{""bias5"": -0.52, ""bias10"": -1.28, ""bias20"": -2.14}",61.3,-125.75,"{""pdi"": 13.36, ""mdi"": 51.61, ""adx"": 58.87}",0.0,"{""k"": 9.59, ""d"": 14.12}",-0.53,1053.38,-66759000.0,41.67,998.61,-1.97,1.75,-27132000.0,61.31,26.42,-97.78,,,,,,,,,,,,,-765200.0,-3824217.0,3824217.0,,,-4,0.33,,,,"{""k"": 9.59, ""d"": 14.12, ""j"": 0.52}","{""ma25"": 27.0, ""ma25_slope"": -0.0428, ""vol5"": 11517000.0, ""vol60"": 18957133.0, ""vol120"": null, ""vol_ratio_5_60"": 0.6075, ""low_vs_ma25_pct"": -2.3449, ""close_vs_ma25_pct"": -2.2708, ""body_size"": 0.09, ""upper_shadow"": 0.04, ""lower_shadow"": 0.02, ""pullback_count_25ma"": 1, ""first_pullback_flag"": 1, ""hard_filter_pass"": 0, ""pattern_type"": ""trap\u9677\u9631"", ""score"": 10.0}"
20260916,00687C,國泰20年美債+櫃U,125988,25000,224250,8.97,8.97,8.97,8.97,+0.03,2,0,0,0,"{""upper"": 9.23, ""middle"": 9.07, ""lower"": 8.91}","{""upper"": 9.23, ""middle"": 9.07, ""lower"": 8.91}","{""upper"": 9.23, ""middle"": 9.07, ""lower"": 8.91}","{""cdp"": 8.97, ""ah"": 8.97, ""nh"": 8.97, ""nl"": 8.97, ""al"": 8.97}","{""ma5"": 8.95, ""ma10"": 9.02, ""ma20"": 9.07, ""ma25"": 9.07, ""ma60"": 9.18}",,,"{""current_price"": 8.97, ""pe_high"": 13.77, ""pe_mid_high"": 11.02, ""pe_fair"": 9.18, ""pe_mid_low"": 7.35, ""pe_low"": 5.51}",8.93,"{""line1"": 9.36, ""line2"": 9.22, ""line3"": 9.08, ""line4"": 8.99, ""line5"": 8.92}","{""dif"": -0.05, ""dea"": -0.04, ""dem"": -0.04, ""osc"": -0.02, ""mac"": -0.02}","{""rsi6"": 15.0, ""rsi12"": 35.48, ""rsi24"": 44.21}","{""current"": 25000.0, ""ma5"": 25200.0, ""ma10"": 25100.0, ""vol60"": 26980.0}",0.0,0.0,0.0,"{""ema12"": 9.02, ""ema26"": 9.06, ""ema50"": 9.12}",200.0,0.0356,0.1811,9.01,"{""bias5"": 0.2, ""bias10"": -0.58, ""bias20"": -1.14}",85.19,-74.15,"{""pdi"": 26.19, ""mdi"": 73.81, ""adx"": 47.62}",0.0,"{""k"": 17.2, ""d"": 18.88}",-0.09,1022.35,27900.0,25.0,998.9,-0.99,15.38,0.0,108.87,8.97,-82.61,,,,,,,,,,,,,0.0,0.0,0.0,,,-2,0.67,,,,"{""k"": 17.2, ""d"": 18.88, ""j"": 13.83}","{""ma25"": 9.07, ""ma25_slope"": -0.004, ""vol5"": 25200.0, ""vol60"": 26980.0, ""vol120"": null, ""vol_ratio_5_60"": 0.934, ""low_vs_ma25_pct"": -1.0938, ""close_vs_ma25_pct"": -1.0938, ""body_size"": 0.0, ""upper_shadow"": 0.0, ""lower_shadow"": 0.0, ""pullback_count_25ma"": 8, ""first_pullback_flag"": 0, ""hard_filter_pass"": 0, ""pattern_type"": ""trap\u9677\u9631"", ""score"": 0.0}"
20260916,00694B,富邦美債1-3,125989,232000,9671660,41.70,41.81,41.62,41.62,-0.08,30,"-20,000",0,-936,"{""upper"": 42.02, ""middle"": 41.66, ""lower"": 41.31}","{""upper"": 42.02, ""middle"": 41.66, ""lower"": 41.31}","{""upper"": 42.02, ""middle"": 41.66, ""lower"": 41.31}","{""cdp"": 41.67, ""ah"": 41.86, ""nh"": 41.72, ""nl"": 41.53, ""al"": 41.48}","{""ma5"": 41.59, ""ma10"": 41.55, ""ma20"": 41.66, ""ma25"": 41.74, ""ma60"": 42.03}",,,"{""current_price"": 41.62, ""pe_high"": 63.05, ""pe_mid_high"": 50.44, ""pe_fair"": 42.03, ""pe_mid_low"": 33.62, ""pe_low"": 25.22}",41.32,"{""line1"": 42.69, ""line2"": 42.42, ""line3"": 41.95, ""line4"": 41.26, ""line5"": 40.89}","{""dif"": -0.13, ""dea"": -0.15, ""dem"": -0.15, ""osc"": 0.04, ""mac"": 0.04}","{""rsi6"": 80.49, ""rsi12"": 52.13, ""rsi24"": 33.0}","{""current"": 232000.0, ""ma5"": 293000.0, ""ma10"": 283900.0, ""vol60"": 243667.0}",-20936.0,-20000.0,0.0,"{""ema12"": 41.61, ""ema26"": 41.75, ""ema50"": 41.85}",116.56,0.0171,0.4396,41.63,"{""bias5"": 0.06, ""bias10"": 0.18, ""bias20"": -0.1}",57.65,79.1,"{""pdi"": 24.41, ""mdi"": 24.88, ""adx"": 0.95}",0.0,"{""k"": 58.27, ""d"": 48.18}",0.04,1001.63,-635000.0,50.0,1015.65,0.1,41.33,405000.0,75.88,41.67,-38.0,,,,,,,,,,,,,-20000.0,20936.0,-20936.0,,,-2,1.0,,,,"{""k"": 58.27, ""d"": 48.18, ""j"": 78.45}","{""ma25"": 41.74, ""ma25_slope"": -0.0288, ""vol5"": 293000.0, ""vol60"": 243667.0, ""vol120"": null, ""vol_ratio_5_60"": 1.2025, ""low_vs_ma25_pct"": -0.2951, ""close_vs_ma25_pct"": -0.2951, ""body_size"": 0.08, ""upper_shadow"": 0.11, ""lower_shadow"": 0.0, ""pullback_count_25ma"": 11, ""first_pullback_flag"": 0, ""hard_filter_pass"": 0, ""pattern_type"": ""\u7121"", ""score"": 20.0}"
20260916,00695B,富邦美債7-10,125990,386000,13204960,34.17,34.29,34.14,34.14,+0.01,41,"-45,000",0,"12,468","{""upper"": 35.13, ""middle"": 34.5, ""lower"": 33.86}","{""upper"": 35.13, ""middle"": 34.5, ""lower"": 33.86}","{""upper"": 35.13, ""middle"": 34.5, ""lower"": 33.86}","{""cdp"": 34.18, ""ah"": 34.33, ""nh"": 34.22, ""nl"": 34.07, ""al"": 34.03}","{""ma5"": 34.11, ""ma10"": 34.23, ""ma20"": 34.5, ""ma25"": 34.61, ""ma60"": 35.09}",,,"{""current_price"": 34.14, ""pe_high"": 52.63, ""pe_mid_high"": 42.11, ""pe_fair"": 35.09, ""pe_mid_low"": 28.07, ""pe_low"": 21.05}",34.03,"{""line1"": 36.0, ""line2"": 35.53, ""line3"": 34.84, ""line4"": 33.98, ""line5"": 33.51}","{""dif"": -0.27, ""dea"": -0.25, ""dem"": -0.25, ""osc"": -0.03, ""mac"": -0.03}","{""rsi6"": 29.63, ""rsi12"": 28.21, ""rsi24"": 27.2}","{""current"": 386000.0, ""ma5"": 853400.0, ""ma10"": 493300.0, ""vol60"": 357117.0}",-32532.0,-45000.0,0.0,"{""ema12"": 34.29, ""ema26"": 34.56, ""ema50"": 34.81}",92.03,0.0367,0.2191,34.28,"{""bias5"": 0.08, ""bias10"": -0.27, ""bias20"": -1.03}",55.19,-50.4,"{""pdi"": 16.0, ""mdi"": 40.0, ""adx"": 42.86}",0.0,"{""k"": 19.2, ""d"": 15.28}",-0.34,1001.14,-1668000.0,50.0,1036.02,-0.99,11.43,-894000.0,78.66,34.18,-82.35,,,,,,,,,,,,,-45000.0,32532.0,-32532.0,,,-2,0.6,,,,"{""k"": 19.2, ""d"": 15.28, ""j"": 27.06}","{""ma25"": 34.61, ""ma25_slope"": -0.0444, ""vol5"": 853400.0, ""vol60"": 357117.0, ""vol120"": null, ""vol_ratio_5_60"": 2.3897, ""low_vs_ma25_pct"": -1.3477, ""close_vs_ma25_pct"": -1.3477, ""body_size"": 0.03, ""upper_shadow"": 0.12, ""lower_shadow"": 0.0, ""pullback_count_25ma"": 2, ""first_pullback_flag"": 0, ""hard_filter_pass"": 0, ""pattern_type"": ""\u7121"", ""score"": 0.0}"
20260916,00696B,富邦美債20年,125991,1614000,44755960,27.79,27.80,27.67,27.67,+0.06,104,"-77,000",0,"118,411","{""upper"": 28.49, ""middle"": 27.95, ""lower"": 27.42}","{""upper"": 28.49, ""middle"": 27.95, ""lower"": 27.42}","{""upper"": 28.49, ""middle"": 27.95, ""lower"": 27.42}","{""cdp"": 27.7, ""ah"": 27.83, ""nh"": 27.73, ""nl"": 27.61, ""al"": 27.57}","{""ma5"": 27.61, ""ma10"": 27.75, ""ma20"": 27.95, ""ma25"": 27.98, ""ma60"": 28.63}",,,"{""current_price"": 27.67, ""pe_high"": 42.94, ""pe_mid_high"": 34.35, ""pe_fair"": 28.63, ""pe_mid_low"": 22.9, ""pe_low"": 17.18}",27.45,"{""line1"": 29.48, ""line2"": 28.92, ""line3"": 28.18, ""line4"": 27.52, ""line5"": 27.13}","{""dif"": -0.23, ""dea"": -0.22, ""dem"": -0.22, ""osc"": -0.01, ""mac"": -0.01}","{""rsi6"": 30.61, ""rsi12"": 39.36, ""rsi24"": 39.47}","{""current"": 1614000.0, ""ma5"": 1903200.0, ""ma10"": 1915700.0, ""vol60"": 2521600.0}",41411.0,-77000.0,0.0,"{""ema12"": 27.77, ""ema26"": 28.01, ""ema50"": 28.29}",62.41,0.0386,0.2365,27.76,"{""bias5"": 0.23, ""bias10"": -0.29, ""bias20"": -1.02}",76.87,-47.04,"{""pdi"": 22.9, ""mdi"": 41.12, ""adx"": 28.47}",0.0,"{""k"": 29.51, ""d"": 23.59}",-0.2,1049.36,-1149000.0,50.0,989.81,-0.72,22.12,3736000.0,87.29,27.7,-71.25,,,,,,,,,,,,,-77000.0,-41411.0,41411.0,,,-2,0.6,,,,"{""k"": 29.51, ""d"": 23.59, ""j"": 41.35}","{""ma25"": 27.98, ""ma25_slope"": -0.03, ""vol5"": 1903200.0, ""vol60"": 2521600.0, ""vol120"": null, ""vol_ratio_5_60"": 0.7548, ""low_vs_ma25_pct"": -1.1235, ""close_vs_ma25_pct"": -1.1235, ""body_size"": 0.12, ""upper_shadow"": 0.01, ""lower_shadow"": 0.0, ""pullback_count_25ma"": 0, ""first_pullback_flag"": 0, ""hard_filter_pass"": 0, ""pattern_type"": ""trap\u9677\u9631"", ""score"": 0.0}"
20260916,00697B,元大美債7-10,125992,403000,14014960,34.73,34.83,34.71,34.71,+0.02,124,0,0,"-286,964","{""upper"": 35.7, ""middle"": 35.06, ""lower"": 34.43}","{""upper"": 35.7, ""middle"": 35.06, ""lower"": 34.43}","{""upper"": 35.7, ""middle"": 35.06, ""lower"": 34.43}","{""cdp"": 34.74, ""ah"": 34.86, ""nh"": 34.77, ""nl"": 34.65, ""al"": 34.62}","{""ma5"": 34.68, ""ma10"": 34.8, ""ma20"": 35.06, ""ma25"": 35.17, ""ma60"": 35.56}",,,"{""current_price"": 34.71, ""pe_high"": 53.35, ""pe_mid_high"": 42.68, ""pe_fair"": 35.56, ""pe_mid_low"": 28.45, ""pe_low"": 21.34}",34.57,"{""line1"": 36.48, ""line2"": 36.02, ""line3"": 35.4, ""line4"": 34.55, ""line5"": 34.09}","{""dif"": -0.26, ""dea"": -0.24, ""dem"": -0.24, ""osc"": -0.04, ""mac"": -0.04}","{""rsi6"": 32.0, ""rsi12"": 28.0, ""rsi24"": 27.64}","{""current"": 403000.0, ""ma5"": 468000.0, ""ma10"": 358100.0, ""vol60"": 402550.0}",-286964.0,0.0,0.0,"{""ema12"": 34.86, ""ema26"": 35.12, ""ema50"": 35.34}",20.99,0.0363,0.2226,34.85,"{""bias5"": 0.07, ""bias10"": -0.26, ""bias20"": -1.01}",52.02,-54.24,"{""pdi"": 15.95, ""mdi"": 44.17, ""adx"": 46.94}",0.0,"{""k"": 22.54, ""d"": 17.17}",-0.33,1035.36,-3773000.0,50.0,1001.46,-0.94,13.89,-4382000.0,44.08,34.74,-78.26,,,,,,,,,,,,,0.0,286964.0,-286964.0,,,-4,0.6,,,,"{""k"": 22.54, ""d"": 17.17, ""j"": 33.28}","{""ma25"": 35.17, ""ma25_slope"": -0.044, ""vol5"": 468000.0, ""vol60"": 402550.0, ""vol120"": null, ""vol_ratio_5_60"": 1.1626, ""low_vs_ma25_pct"": -1.3079, ""close_vs_ma25_pct"": -1.3079, ""body_size"": 0.02, ""upper_shadow"": 0.1, ""lower_shadow"": 0.0, ""pullback_count_25ma"": 10, ""first_pullback_flag"": 0, ""hard_filter_pass"": 0, ""pattern_type"": ""\u7121"", ""score"": 0.0}"
20260916,00719B,元大美債1-3,125993,3415000,105966950,31.04,31.11,30.93,30.97,-0.07,1628,"-227,000",0,"-1,009,970","{""upper"": 31.28, ""middle"": 31.0, ""lower"": 30.72}","{""upper"": 31.28, ""middle"": 31.0, ""lower"": 30.72}","{""upper"": 31.28, ""middle"": 31.0, ""lower"": 30.72}","{""cdp"": 30.99, ""ah"": 31.17, ""nh"": 31.06, ""nl"": 30.88, ""al"": 30.81}","{""ma5"": 30.94, ""ma10"": 30.9, ""ma20"": 31.0, ""ma25"": 31.06, ""ma60"": 31.25}",,,"{""current_price"": 30.97, ""pe_high"": 46.87, ""pe_mid_high"": 37.5, ""pe_fair"": 31.25, ""pe_mid_low"": 25.0, ""pe_low"": 18.75}",30.81,"{""line1"": 31.7, ""line2"": 31.53, ""line3"": 31.19, ""line4"": 30.72, ""line5"": 30.46}","{""dif"": -0.1, ""dea"": -0.11, ""dem"": -0.11, ""osc"": 0.03, ""mac"": 0.03}","{""rsi6"": 79.41, ""rsi12"": 51.43, ""rsi24"": 32.88}","{""current"": 3415000.0, ""ma5"": 2361400.0, ""ma10"": 2214400.0, ""vol60"": 2809400.0}",-1236970.0,-227000.0,0.0,"{""ema12"": 30.95, ""ema26"": 31.05, ""ema50"": 31.12}",57.23,0.0181,0.4509,30.97,"{""bias5"": 0.11, ""bias10"": 0.22, ""bias20"": -0.09}",71.25,60.03,"{""pdi"": 26.71, ""mdi"": 20.55, ""adx"": 13.04}",0.0,"{""k"": 55.62, ""d"": 42.98}",0.02,1017.79,-19706000.0,50.0,998.7,0.06,43.64,-11250000.0,54.97,30.99,-36.84,,,,,,,,,,,,,-227000.0,1236970.0,-1236970.0,,,-1,1.0,,,,"{""k"": 55.62, ""d"": 42.98, ""j"": 80.9}","{""ma25"": 31.06, ""ma25_slope"": -0.0204, ""vol5"": 2361400.0, ""vol60"": 2809400.0, ""vol120"": null, ""vol_ratio_5_60"": 0.8405, ""low_vs_ma25_pct"": -0.4096, ""close_vs_ma25_pct"": -0.2808, ""body_size"": 0.07, ""upper_shadow"": 0.07, ""lower_shadow"": 0.04, ""pullback_count_25ma"": 13, ""first_pullback_flag"": 0, ""hard_filter_pass"": 0, ""pattern_type"": ""trap\u9677\u9631"", ""score"": 20.0}"
20260916,00720B,元大投資級公司債,125994,3364000,106449230,31.66,31.69,31.54,31.57,+0.11,567,"465,000",0,"999,251","{""upper"": 32.2, ""middle"": 31.72, ""lower"": 31.25}","{""upper"": 32.2, ""middle"": 31.72, ""lower"": 31.25}","{""upper"": 32.2, ""middle"": 31.72, ""lower"": 31.25}","{""cdp"": 31.59, ""ah"": 31.74, ""nh"": 31.65, ""nl"": 31.5, ""al"": 31.44}","{""ma5"": 31.46, ""ma10"": 31.54, ""ma20"": 31.72, ""ma25"": 31.76, ""ma60"": 32.5}",,,"{""current_price"": 31.57, ""pe_high"": 48.75, ""pe_mid_high"": 39.0, ""pe_fair"": 32.5, ""pe_mid_low"": 26.0, ""pe_low"": 19.5}",31.27,"{""line1"": 33.34, ""line2"": 32.74, ""line3"": 31.95, ""line4"": 31.33, ""line5"": 30.97}","{""dif"": -0.22, ""dea"": -0.24, ""dem"": -0.24, ""osc"": 0.04, ""mac"": 0.04}","{""rsi6"": 53.33, ""rsi12"": 40.7, ""rsi24"": 40.0}","{""current"": 3364000.0, ""ma5"": 3860200.0, ""ma10"": 4014100.0, ""vol60"": 6211217.0}",1464251.0,465000.0,0.0,"{""ema12"": 31.58, ""ema26"": 31.81, ""ema50"": 32.12}",40.48,0.0298,0.3372,31.58,"{""bias5"": 0.35, ""bias10"": 0.11, ""bias20"": -0.49}",76.65,-7.19,"{""pdi"": 23.59, ""mdi"": 42.05, ""adx"": 28.12}",0.0,"{""k"": 41.08, ""d"": 29.22}",-0.16,1015.42,-19943000.0,41.67,1017.26,-0.5,33.7,-25652000.0,67.96,31.59,-59.21,,,,,,,,,,,,,465000.0,-1464251.0,1464251.0,,,-4,0.6,,,,"{""k"": 41.08, ""d"": 29.22, ""j"": 64.78}","{""ma25"": 31.76, ""ma25_slope"": -0.0252, ""vol5"": 3860200.0, ""vol60"": 6211217.0, ""vol120"": null, ""vol_ratio_5_60"": 0.6215, ""low_vs_ma25_pct"": -0.6877, ""close_vs_ma25_pct"": -0.5932, ""body_size"": 0.09, ""upper_shadow"": 0.03, ""lower_shadow"": 0.03, ""pullback_count_25ma"": 0, ""first_pullback_flag"": 0, ""hard_filter_pass"": 0, ""pattern_type"": ""trap\u9677\u9631"", ""score"": 20.0}"
20260916,00722B,群益投資級電信債,125995,2472000,83832580,33.93,34.01,33.88,33.89,+0.13,122,"61,000",0,"160,807","{""upper"": 34.61, ""middle"": 34.09, ""lower"": 33.56}","{""upper"": 34.61, ""middle"": 34.09, ""lower"": 33.56}","{""upper"": 34.61, ""middle"": 34.09, ""lower"": 33.56}","{""cdp"": 33.92, ""ah"": 34.05, ""nh"": 33.96, ""nl"": 33.83, ""al"": 33.79}","{""ma5"": 33.78, ""ma10"": 33.88, ""ma20"": 34.09, ""ma25"": 34.11, ""ma60"": 34.96}",,,"{""current_price"": 33.89, ""pe_high"": 52.44, ""pe_mid_high"": 41.95, ""pe_fair"": 34.96, ""pe_mid_low"": 27.97, ""pe_low"": 20.98}",33.61,"{""line1"": 35.9, ""line2"": 35.16, ""line3"": 34.29, ""line4"": 33.68, ""line5"": 33.31}","{""dif"": -0.24, ""dea"": -0.26, ""dem"": -0.26, ""osc"": 0.03, ""mac"": 0.03}","{""rsi6"": 46.94, ""rsi12"": 40.86, ""rsi24"": 41.74}","{""current"": 2472000.0, ""ma5"": 2643600.0, ""ma10"": 2953500.0, ""vol60"": 3322767.0}",221807.0,61000.0,0.0,"{""ema12"": 33.92, ""ema26"": 34.17, ""ema50"": 34.56}",65.22,0.0307,0.311,33.91,"{""bias5"": 0.33, ""bias10"": 0.02, ""bias20"": -0.58}",73.14,-16.24,"{""pdi"": 25.12, ""mdi"": 42.18, ""adx"": 25.35}",0.0,"{""k"": 35.18, ""d"": 25.66}",-0.17,1016.45,-17325000.0,41.67,1016.62,-0.5,29.0,-11800000.0,66.41,33.92,-63.75,,,,,,,,,,,,,61000.0,-221807.0,221807.0,,,-3,0.6,,,,"{""k"": 35.18, ""d"": 25.66, ""j"": 54.22}","{""ma25"": 34.11, ""ma25_slope"": -0.0244, ""vol5"": 2643600.0, ""vol60"": 3322767.0, ""vol120"": null, ""vol_ratio_5_60"": 0.7956, ""low_vs_ma25_pct"": -0.6615, ""close_vs_ma25_pct"": -0.6322, ""body_size"": 0.04, ""upper_shadow"": 0.08, ""lower_shadow"": 0.01, ""pullback_count_25ma"": 0, ""first_pullback_flag"": 0, ""hard_filter_pass"": 0, ""pattern_type"": ""trap\u9677\u9631"", ""score"": 20.0}"
20260916,00723B,群益投資級科技債,125996,125000,3640930,29.16,29.21,29.10,29.10,+0.11,13,0,0,"8,950","{""upper"": 29.61, ""middle"": 29.22, ""lower"": 28.84}","{""upper"": 29.61, ""middle"": 29.22, ""lower"": 28.84}","{""upper"": 29.61, ""middle"": 29.22, ""lower"": 28.84}","{""cdp"": 29.13, ""ah"": 29.24, ""nh"": 29.16, ""nl"": 29.05, ""al"": 29.02}","{""ma5"": 29.02, ""ma10"": 29.08, ""ma20"": 29.22, ""ma25"": 29.27, ""ma60"": 29.97}",,,"{""current_price"": 29.1, ""pe_high"": 44.96, ""pe_mid_high"": 35.97, ""pe_fair"": 29.97, ""pe_mid_low"": 23.98, ""pe_low"": 17.98}",28.87,"{""line1"": 30.81, ""line2"": 30.17, ""line3"": 29.44, ""line4"": 28.86, ""line5"": 28.52}","{""dif"": -0.2, ""dea"": -0.22, ""dem"": -0.22, ""osc"": 0.04, ""mac"": 0.04}","{""rsi6"": 46.67, ""rsi12"": 44.87, ""rsi24"": 40.0}","{""current"": 125000.0, ""ma5"": 104800.0, ""ma10"": 123300.0, ""vol60"": 197650.0}",8950.0,0.0,0.0,"{""ema12"": 29.12, ""ema26"": 29.32, ""ema50"": 29.64}",104.21,0.0262,0.3385,29.11,"{""bias5"": 0.27, ""bias10"": 0.07, ""bias20"": -0.42}",84.23,0.87,"{""pdi"": 27.84, ""mdi"": 41.48, ""adx"": 19.67}",0.0,"{""k"": 46.22, ""d"": 32.29}",-0.08,1027.37,-659000.0,41.67,1009.82,-0.27,30.77,236000.0,83.03,29.13,-61.9,,,,,,,,,,,,,0.0,-8950.0,8950.0,,,-3,0.6,,,,"{""k"": 46.22, ""d"": 32.29, ""j"": 74.08}","{""ma25"": 29.27, ""ma25_slope"": -0.0264, ""vol5"": 104800.0, ""vol60"": 197650.0, ""vol120"": null, ""vol_ratio_5_60"": 0.5302, ""low_vs_ma25_pct"": -0.5726, ""close_vs_ma25_pct"": -0.5726, ""body_size"": 0.06, ""upper_shadow"": 0.05, ""lower_shadow"": 0.0, ""pullback_count_25ma"": 0, ""first_pullback_flag"": 0, ""hard_filter_pass"": 0, ""pattern_type"": ""trap\u9677\u9631"", ""score"": 20.0}"
20260916,00724B,群益投資級金融債,125997,3758000,121498570,32.32,32.40,32.25,32.27,+0.09,87,"-166,000",0,"80,350","{""upper"": 33.19, ""middle"": 32.58, ""lower"": 31.97}","{""upper"": 33.19, ""middle"": 32.58, ""lower"": 31.97}","{""upper"": 33.19, ""middle"": 32.58, ""lower"": 31.97}","{""cdp"": 32.3, ""ah"": 32.45, ""nh"": 32.34, ""nl"": 32.2, ""al"": 32.15}","{""ma5"": 32.2, ""ma10"": 32.33, ""ma20"": 32.58, ""ma25"": 32.66, ""ma60"": 33.36}",,,"{""current_price"": 32.27, ""pe_high"": 50.03, ""pe_mid_high"": 40.03, ""pe_fair"": 33.36, ""pe_mid_low"": 26.69, ""pe_low"": 20.01}",32.09,"{""line1"": 34.34, ""line2"": 33.71, ""line3"": 32.89, ""line4"": 32.08, ""line5"": 31.62}","{""dif"": -0.28, ""dea"": -0.27, ""dem"": -0.27, ""osc"": -0.01, ""mac"": -0.01}","{""rsi6"": 36.84, ""rsi12"": 30.12, ""rsi24"": 32.99}","{""current"": 3758000.0, ""ma5"": 3922200.0, ""ma10"": 4058400.0, ""vol60"": 3904450.0}",-85650.0,-166000.0,0.0,"{""ema12"": 32.38, ""ema26"": 32.66, ""ema50"": 32.98}",59.88,0.0376,0.2462,32.36,"{""bias5"": 0.22, ""bias10"": -0.18, ""bias20"": -0.95}",61.89,-43.21,"{""pdi"": 19.1, ""mdi"": 41.71, ""adx"": 37.19}",0.0,"{""k"": 25.06, ""d"": 18.09}",-0.33,991.86,-13094000.0,41.67,1042.89,-1.01,18.27,-21498000.0,77.24,32.3,-76.54,,,,,,,,,,,,,-166000.0,85650.0,-85650.0,,,-5,0.6,,,,"{""k"": 25.06, ""d"": 18.09, ""j"": 39.02}","{""ma25"": 32.66, ""ma25_slope"": -0.04, ""vol5"": 3922200.0, ""vol60"": 3904450.0, ""vol120"": null, ""vol_ratio_5_60"": 1.0045, ""low_vs_ma25_pct"": -1.2408, ""close_vs_ma25_pct"": -1.1796, ""body_size"": 0.05, ""upper_shadow"": 0.08, ""lower_shadow"": 0.02, ""pullback_count_25ma"": 0, ""first_pullback_flag"": 0, ""hard_filter_pass"": 0, ""pattern_type"": ""\u7121"", ""score"": 0.0}"
20260916,00725B,國泰投資級公司債,125998,2076000,70021220,33.72,33.77,33.62,33.62,+0.11,330,"585,000",0,"219,049","{""upper"": 34.28, ""middle"": 33.8, ""lower"": 33.32}","{""upper"": 34.28, ""middle"": 33.8, ""lower"": 33.32}","{""upper"": 34.28, ""middle"": 33.8, ""lower"": 33.32}","{""cdp"": 33.66, ""ah"": 33.81, ""nh"": 33.7, ""nl"": 33.54, ""al"": 33.51}","{""ma5"": 33.52, ""ma10"": 33.6, ""ma20"": 33.8, ""ma25"": 33.85, ""ma60"": 34.57}",,,"{""current_price"": 33.62, ""pe_high"": 51.86, ""pe_mid_high"": 41.48, ""pe_fair"": 34.57, ""pe_mid_low"": 27.66, ""pe_low"": 20.74}",33.34,"{""line1"": 35.46, ""line2"": 34.83, ""line3"": 34.05, ""line4"": 33.38, ""line5"": 33.0}","{""dif"": -0.23, ""dea"": -0.24, ""dem"": -0.24, ""osc"": 0.03, ""mac"": 0.03}","{""rsi6"": 47.83, ""rsi12"": 40.0, ""rsi24"": 38.1}","{""current"": 2076000.0, ""ma5"": 2212600.0, ""ma10"": 2449000.0, ""vol60"": 4268983.0}",804049.0,585000.0,0.0,"{""ema12"": 33.65, ""ema26"": 33.89, ""ema50"": 34.2}",56.61,0.0284,0.317,33.64,"{""bias5"": 0.3, ""bias10"": 0.05, ""bias20"": -0.52}",81.18,-8.26,"{""pdi"": 25.13, ""mdi"": 40.2, ""adx"": 23.08}",0.0,"{""k"": 37.3, ""d"": 26.6}",-0.18,1043.09,-20454000.0,41.67,991.48,-0.53,30.85,-9933000.0,54.98,33.66,-60.27,,,,,,,,,,,,,585000.0,-804049.0,804049.0,,,-3,0.75,,,,"{""k"": 37.3, ""d"": 26.6, ""j"": 58.69}","{""ma25"": 33.85, ""ma25_slope"": -0.03, ""vol5"": 2212600.0, ""vol60"": 4268983.0, ""vol120"": null, ""vol_ratio_5_60"": 0.5183, ""low_vs_ma25_pct"": -0.6654, ""close_vs_ma25_pct"": -0.6654, ""body_size"": 0.1, ""upper_shadow"": 0.05, ""lower_shadow"": 0.0, ""pullback_count_25ma"": 0, ""first_pullback_flag"": 0, ""hard_filter_pass"": 0, ""pattern_type"": ""trap\u9677\u9631"", ""score"": 20.0}"
20260916,00726B,國泰新興投等債,125999,201000,6374300,31.70,31.91,31.67,31.72,+0.01,36,"3,000",0,"-63,401","{""upper"": 32.54, ""middle"": 32.04, ""lower"": 31.54}","{""upper"": 32.54, ""middle"": 32.04, ""lower"": 31.54}","{""upper"": 32.54, ""middle"": 32.04, ""lower"": 31.54}","{""cdp"": 31.75, ""ah"": 31.99, ""nh"": 31.84, ""nl"": 31.6, ""al"": 31.52}","{""ma5"": 31.72, ""ma10"": 31.83, ""ma20"": 32.04, ""ma25"": 32.12, ""ma60"": 32.7}",,,"{""current_price"": 31.72, ""pe_high"": 49.05, ""pe_mid_high"": 39.24, ""pe_fair"": 32.7, ""pe_mid_low"": 26.16, ""pe_low"": 19.62}",31.91,"{""line1"": 33.41, ""line2"": 32.99, ""line3"": 32.29, ""line4"": 31.65, ""line5"": 31.3}","{""dif"": -0.24, ""dea"": -0.23, ""dem"": -0.23, ""osc"": -0.02, ""mac"": -0.02}","{""rsi6"": 6.25, ""rsi12"": 14.81, ""rsi24"": 23.31}","{""current"": 201000.0, ""ma5"": 240600.0, ""ma10"": 206500.0, ""vol60"": 234567.0}",-60401.0,3000.0,0.0,"{""ema12"": 31.87, ""ema26"": 32.12, ""ema50"": 32.38}",171.31,0.0313,0.1805,31.86,"{""bias5"": 0.01, ""bias10"": -0.35, ""bias20"": -1.0}",72.32,-67.24,"{""pdi"": 15.98, ""mdi"": 23.71, ""adx"": 19.48}",0.0,"{""k"": 12.01, ""d"": 10.66}",-0.38,1013.46,-1273000.0,25.0,1014.71,-1.18,7.14,166000.0,47.38,31.75,-90.0,,,,,,,,,,,,,3000.0,60401.0,-60401.0,,,-7,0.17,,,,"{""k"": 12.01, ""d"": 10.66, ""j"": 14.7}","{""ma25"": 32.12, ""ma25_slope"": -0.0344, ""vol5"": 240600.0, ""vol60"": 234567.0, ""vol120"": null, ""vol_ratio_5_60"": 1.0257, ""low_vs_ma25_pct"": -1.412, ""close_vs_ma25_pct"": -1.2564, ""body_size"": 0.02, ""upper_shadow"": 0.19, ""lower_shadow"": 0.03, ""pullback_count_25ma"": 2, ""first_pullback_flag"": 0, ""hard_filter_pass"": 0, ""pattern_type"": ""\u7121"", ""score"": 0.0}"
20260916,00727B,國泰優選非投等債,126000,117000,4580130,39.25,39.27,39.13,39.15,-0.01,9,"-3,000",0,"-12,044","{""upper"": 39.47, ""middle"": 39.17, ""lower"": 38.88}","{""upper"": 39.47, ""middle"": 39.17, ""lower"": 38.88}","{""upper"": 39.47, ""middle"": 39.17, ""lower"": 38.88}","{""cdp"": 39.17, ""ah"": 39.31, ""nh"": 39.22, ""nl"": 39.08, ""al"": 39.03}","{""ma5"": 39.12, ""ma10"": 39.08, ""ma20"": 39.17, ""ma25"": 39.23, ""ma60"": 39.59}",,,"{""current_price"": 39.15, ""pe_high"": 59.38, ""pe_mid_high"": 47.51, ""pe_fair"": 39.59, ""pe_mid_low"": 31.67, ""pe_low"": 23.75}",38.98,"{""line1"": 40.17, ""line2"": 39.87, ""line3"": 39.4, ""line4"": 38.85, ""line5"": 38.55}","{""dif"": -0.12, ""dea"": -0.14, ""dem"": -0.14, ""osc"": 0.05, ""mac"": 0.05}","{""rsi6"": 96.43, ""rsi12"": 51.95, ""rsi24"": 35.2}","{""current"": 117000.0, ""ma5"": 161200.0, ""ma10"": 148700.0, ""vol60"": 151200.0}",-15044.0,-3000.0,0.0,"{""ema12"": 39.13, ""ema26"": 39.26, ""ema50"": 39.38}",76.87,0.0151,0.4619,39.14,"{""bias5"": 0.08, ""bias10"": 0.19, ""bias20"": -0.06}",54.93,65.09,"{""pdi"": 16.95, ""mdi"": 19.21, ""adx"": 6.25}",0.0,"{""k"": 63.88, ""d"": 52.58}",0.03,1013.8,-1337000.0,50.0,1005.03,0.08,47.62,303000.0,53.84,39.17,-28.57,,,,,,,,,,,,,-3000.0,15044.0,-15044.0,,,-1,1.0,,,,"{""k"": 63.88, ""d"": 52.58, ""j"": 86.49}","{""ma25"": 39.23, ""ma25_slope"": -0.0236, ""vol5"": 161200.0, ""vol60"": 151200.0, ""vol120"": null, ""vol_ratio_5_60"": 1.0661, ""low_vs_ma25_pct"": -0.261, ""close_vs_ma25_pct"": -0.21, ""body_size"": 0.1, ""upper_shadow"": 0.02, ""lower_shadow"": 0.02, ""pullback_count_25ma"": 1, ""first_pullback_flag"": 1, ""hard_filter_pass"": 0, ""pattern_type"": ""\u7121"", ""score"": 30.0}"
20260916,00734B,台新JPM新興債,126001,125000,1901000,15.25,15.25,15.20,15.20,-0.03,4,0,0,0,"{""upper"": 15.6, ""middle"": 15.36, ""lower"": 15.12}","{""upper"": 15.6, ""middle"": 15.36, ""lower"": 15.12}","{""upper"": 15.6, ""middle"": 15.36, ""lower"": 15.12}","{""cdp"": 15.21, ""ah"": 15.26, ""nh"": 15.22, ""nl"": 15.17, ""al"": 15.16}","{""ma5"": 15.2, ""ma10"": 15.27, ""ma20"": 15.36, ""ma25"": 15.4, ""ma60"": 15.68}",,,"{""current_price"": 15.2, ""pe_high"": 23.53, ""pe_mid_high"": 18.82, ""pe_fair"": 15.68, ""pe_mid_low"": 12.55, ""pe_low"": 9.41}",15.05,"{""line1"": 16.06, ""line2"": 15.85, ""line3"": 15.49, ""line4"": 15.16, ""line5"": 14.97}","{""dif"": -0.12, ""dea"": -0.11, ""dem"": -0.11, ""osc"": -0.01, ""mac"": -0.01}","{""rsi6"": 25.0, ""rsi12"": 36.07, ""rsi24"": 35.67}","{""current"": 125000.0, ""ma5"": 172000.0, ""ma10"": 132300.0, ""vol60"": 184483.0}",0.0,0.0,0.0,"{""ema12"": 15.28, ""ema26"": 15.4, ""ema50"": 15.53}",45.31,0.0312,0.1646,15.27,"{""bias5"": 0.0, ""bias10"": -0.43, ""bias20"": -1.05}",64.75,-77.22,"{""pdi"": 17.19, ""mdi"": 54.69, ""adx"": 52.17}",0.0,"{""k"": 39.74, ""d"": 34.38}",-0.17,1005.24,-2484000.0,25.0,1020.98,-1.11,28.07,-793000.0,25.78,15.21,-63.64,,,,,,,,,,,,,0.0,0.0,0.0,,,-7,0.4,,,,"{""k"": 39.74, ""d"": 34.38, ""j"": 50.44}","{""ma25"": 15.4, ""ma25_slope"": -0.0184, ""vol5"": 172000.0, ""vol60"": 184483.0, ""vol120"": null, ""vol_ratio_5_60"": 0.9323, ""low_vs_ma25_pct"": -1.2936, ""close_vs_ma25_pct"": -1.2936, ""body_size"": 0.05, ""upper_shadow"": 0.0, ""lower_shadow"": 0.0, ""pullback_count_25ma"": 1, ""first_pullback_flag"": 1, ""hard_filter_pass"": 0, ""pattern_type"": ""trap\u9677\u9631"", ""score"": 10.0}"
20260916,00740B,富邦全球投等債,126002,1101000,40558650,36.85,36.96,36.78,36.79,除息,75,"27,000",0,"-145,454","{""upper"": 37.69, ""middle"": 37.14, ""lower"": 36.59}","{""upper"": 37.69, ""middle"": 37.14, ""lower"": 36.59}","{""upper"": 37.69, ""middle"": 37.14, ""lower"": 36.59}","{""cdp"": 36.83, ""ah"": 37.01, ""nh"": 36.88, ""nl"": 36.7, ""al"": 36.65}","{""ma5"": 36.79, ""ma10"": 36.92, ""ma20"": 37.14, ""ma25"": 37.22, ""ma60"": 38.0}",,,"{""current_price"": 36.79, ""pe_high"": 57.0, ""pe_mid_high"": 45.6, ""pe_fair"": 38.0, ""pe_mid_low"": 30.4, ""pe_low"": 22.8}",36.69,"{""line1"": 39.11, ""line2"": 38.38, ""line3"": 37.48, ""line4"": 36.62, ""line5"": 36.12}","{""dif"": -0.29, ""dea"": -0.29, ""dem"": -0.29, ""osc"": -0.0, ""mac"": -0.0}","{""rsi6"": 28.57, ""rsi12"": 30.93, ""rsi24"": 34.17}","{""current"": 1101000.0, ""ma5"": 1558400.0, ""ma10"": 1625600.0, ""vol60"": 2021317.0}",-118454.0,27000.0,0.0,"{""ema12"": 36.96, ""ema26"": 37.25, ""ema50"": 37.61}",69.68,0.0297,0.1813,36.94,"{""bias5"": 0.0, ""bias10"": -0.35, ""bias20"": -0.95}",63.44,-67.78,"{""pdi"": 16.96, ""mdi"": 40.18, ""adx"": 40.62}",0.0,"{""k"": 18.33, ""d"": 18.28}",-0.37,1006.25,-4691000.0,33.33,1036.47,-1.0,11.34,-3533000.0,78.0,36.83,-85.53,,,,,,,,,,,,,27000.0,118454.0,-118454.0,,,-4,0.33,,,,"{""k"": 18.33, ""d"": 18.28, ""j"": 18.45}","{""ma25"": 37.22, ""ma25_slope"": -0.0452, ""vol5"": 1558400.0, ""vol60"": 2021317.0, ""vol120"": null, ""vol_ratio_5_60"": 0.771, ""low_vs_ma25_pct"": -1.1694, ""close_vs_ma25_pct"": -1.1425, ""body_size"": 0.06, ""upper_shadow"": 0.11, ""lower_shadow"": 0.01, ""pullback_count_25ma"": 0, ""first_pullback_flag"": 0, ""hard_filter_pass"": 0, ""pattern_type"": ""trap\u9677\u9631"", ""score"": 0.0}"
20260916,00741B,富邦全球非投等債,126003,114000,4208150,36.83,36.97,36.83,36.91,除息,11,"-10,000",0,"-2,000","{""upper"": 37.4, ""middle"": 37.08, ""lower"": 36.76}","{""upper"": 37.4, ""middle"": 37.08, ""lower"": 36.76}","{""upper"": 37.4, ""middle"": 37.08, ""lower"": 36.76}","{""cdp"": 36.91, ""ah"": 37.05, ""nh"": 36.98, ""nl"": 36.84, ""al"": 36.77}","{""ma5"": 36.93, ""ma10"": 36.95, ""ma20"": 37.08, ""ma25"": 37.17, ""ma60"": 37.48}",,,"{""current_price"": 36.91, ""pe_high"": 56.21, ""pe_mid_high"": 44.97, ""pe_fair"": 37.48, ""pe_mid_low"": 29.98, ""pe_low"": 22.49}",36.76,"{""line1"": 38.23, ""line2"": 37.91, ""line3"": 37.39, ""line4"": 36.65, ""line5"": 36.25}","{""dif"": -0.17, ""dea"": -0.17, ""dem"": -0.17, ""osc"": 0.01, ""mac"": 0.01}","{""rsi6"": 47.92, ""rsi12"": 39.47, ""rsi24"": 26.57}","{""current"": 114000.0, ""ma5"": 118600.0, ""ma10"": 128500.0, ""vol60"": 139900.0}",-12000.0,-10000.0,0.0,"{""ema12"": 37.0, ""ema26"": 37.17, ""ema50"": 37.31}",164.86,0.0172,0.2369,37.0,"{""bias5"": -0.04, ""bias10"": -0.11, ""bias20"": -0.45}",31.94,-57.31,"{""pdi"": 12.44, ""mdi"": 36.41, ""adx"": 49.06}",0.0,"{""k"": 45.52, ""d"": 43.86}",-0.16,1019.16,-477000.0,41.67,1008.85,-0.43,26.15,396000.0,75.58,36.91,-59.52,,,,,,,,,,,,,-10000.0,12000.0,-12000.0,,,-2,0.6,,,,"{""k"": 45.52, ""d"": 43.86, ""j"": 48.85}","{""ma25"": 37.17, ""ma25_slope"": -0.038, ""vol5"": 118600.0, ""vol60"": 139900.0, ""vol120"": null, ""vol_ratio_5_60"": 0.8477, ""low_vs_ma25_pct"": -0.9179, ""close_vs_ma25_pct"": -0.7027, ""body_size"": 0.08, ""upper_shadow"": 0.06, ""lower_shadow"": 0.0, ""pullback_count_25ma"": 16, ""first_pullback_flag"": 0, ""hard_filter_pass"": 0, ""pattern_type"": ""trap\u9677\u9631"", ""score"": 20.0}"
20260916,00746B,富邦A級公司債,126004,585000,19913550,34.06,34.09,33.94,33.94,+0.09,26,"5,000",0,"1,070","{""upper"": 34.85, ""middle"": 34.24, ""lower"": 33.63}","{""upper"": 34.85, ""middle"": 34.24, ""lower"": 33.63}","{""upper"": 34.85, ""middle"": 34.24, ""lower"": 33.63}","{""cdp"": 33.98, ""ah"": 34.13, ""nh"": 34.02, ""nl"": 33.86, ""al"": 33.83}","{""ma5"": 33.87, ""ma10"": 33.99, ""ma20"": 34.24, ""ma25"": 34.31, ""ma60"": 35.03}",,,"{""current_price"": 33.94, ""pe_high"": 52.55, ""pe_mid_high"": 42.04, ""pe_fair"": 35.03, ""pe_mid_low"": 28.02, ""pe_low"": 21.02}",33.68,"{""line1"": 36.03, ""line2"": 35.38, ""line3"": 34.55, ""line4"": 33.74, ""line5"": 33.28}","{""dif"": -0.27, ""dea"": -0.27, ""dem"": -0.27, ""osc"": -0.0, ""mac"": -0.0}","{""rsi6"": 37.5, ""rsi12"": 34.04, ""rsi24"": 35.56}","{""current"": 585000.0, ""ma5"": 561000.0, ""ma10"": 454300.0, ""vol60"": 584200.0}",6070.0,5000.0,0.0,"{""ema12"": 34.04, ""ema26"": 34.33, ""ema50"": 34.66}",131.58,0.0354,0.2526,34.03,"{""bias5"": 0.22, ""bias10"": -0.16, ""bias20"": -0.88}",59.86,-36.44,"{""pdi"": 21.5, ""mdi"": 45.33, ""adx"": 35.66}",0.0,"{""k"": 30.4, ""d"": 23.68}",-0.3,1035.76,-5914000.0,41.67,1005.02,-0.88,23.68,1424000.0,40.84,33.98,-67.47,,,,,,,,,,,,,5000.0,-6070.0,6070.0,,,-5,0.6,,,,"{""k"": 30.4, ""d"": 23.68, ""j"": 43.85}","{""ma25"": 34.31, ""ma25_slope"": -0.0396, ""vol5"": 561000.0, ""vol60"": 584200.0, ""vol120"": null, ""vol_ratio_5_60"": 0.9603, ""low_vs_ma25_pct"": -1.0715, ""close_vs_ma25_pct"": -1.0715, ""body_size"": 0.12, ""upper_shadow"": 0.03, ""lower_shadow"": 0.0, ""pullback_count_25ma"": 0, ""first_pullback_flag"": 0, ""hard_filter_pass"": 0, ""pattern_type"": ""trap\u9677\u9631"", ""score"": 0.0}"
20260916,00749B,凱基新興債10+,126005,111000,3369450,30.32,30.36,30.28,30.28,-0.12,5,"-10,000",0,"10,000","{""upper"": 31.13, ""middle"": 30.65, ""lower"": 30.16}","{""upper"": 31.13, ""middle"": 30.65, ""lower"": 30.16}","{""upper"": 31.13, ""middle"": 30.65, ""lower"": 30.16}","{""cdp"": 30.3, ""ah"": 30.38, ""nh"": 30.32, ""nl"": 30.24, ""al"": 30.22}","{""ma5"": 30.32, ""ma10"": 30.46, ""ma20"": 30.65, ""ma25"": 30.72, ""ma60"": 31.33}",,,"{""current_price"": 30.28, ""pe_high"": 47.0, ""pe_mid_high"": 37.6, ""pe_fair"": 31.33, ""pe_mid_low"": 25.06, ""pe_low"": 18.8}",30.43,"{""line1"": 32.12, ""line2"": 31.6, ""line3"": 30.89, ""line4"": 30.25, ""line5"": 29.89}","{""dif"": -0.24, ""dea"": -0.22, ""dem"": -0.22, ""osc"": -0.03, ""mac"": -0.03}","{""rsi6"": 23.26, ""rsi12"": 25.64, ""rsi24"": 33.22}","{""current"": 111000.0, ""ma5"": 106600.0, ""ma10"": 108400.0, ""vol60"": 115100.0}",0.0,-10000.0,0.0,"{""ema12"": 30.48, ""ema26"": 30.72, ""ema50"": 31.0}",333.33,0.0317,0.1195,30.46,"{""bias5"": -0.14, ""bias10"": -0.59, ""bias20"": -1.21}",42.46,-88.29,"{""pdi"": 15.22, ""mdi"": 49.46, ""adx"": 52.94}",0.0,"{""k"": 25.35, ""d"": 26.31}",-0.38,1035.78,-585000.0,33.33,992.2,-1.24,12.9,795000.0,68.26,30.3,-83.1,,,,,,,,,,,,,-10000.0,0.0,0.0,,,-4,0.33,,,,"{""k"": 25.35, ""d"": 26.31, ""j"": 23.44}","{""ma25"": 30.72, ""ma25_slope"": -0.038, ""vol5"": 106600.0, ""vol60"": 115100.0, ""vol120"": null, ""vol_ratio_5_60"": 0.9262, ""low_vs_ma25_pct"": -1.4207, ""close_vs_ma25_pct"": -1.4207, ""body_size"": 0.04, ""upper_shadow"": 0.04, ""lower_shadow"": 0.0, ""pullback_count_25ma"": 0, ""first_pullback_flag"": 0, ""hard_filter_pass"": 0, ""pattern_type"": ""trap\u9677\u9631"", ""score"": 0.0}"
20260916,00750B,凱基科技債10+,126006,101000,3173480,31.48,31.48,31.42,31.42,+0.14,3,"-1,000",0,"1,000","{""upper"": 31.99, ""middle"": 31.55, ""lower"": 31.12}","{""upper"": 31.99, ""middle"": 31.55, ""lower"": 31.12}","{""upper"": 31.99, ""middle"": 31.55, ""lower"": 31.12}","{""cdp"": 31.44, ""ah"": 31.5, ""nh"": 31.45, ""nl"": 31.39, ""al"": 31.38}","{""ma5"": 31.3, ""ma10"": 31.38, ""ma20"": 31.55, ""ma25"": 31.61, ""ma60"": 32.35}",,,"{""current_price"": 31.42, ""pe_high"": 48.52, ""pe_mid_high"": 38.82, ""pe_fair"": 32.35, ""pe_mid_low"": 25.88, ""pe_low"": 19.41}",31.13,"{""line1"": 33.22, ""line2"": 32.58, ""line3"": 31.79, ""line4"": 31.16, ""line5"": 30.8}","{""dif"": -0.22, ""dea"": -0.24, ""dem"": -0.24, ""osc"": 0.04, ""mac"": 0.04}","{""rsi6"": 50.0, ""rsi12"": 40.0, ""rsi24"": 38.05}","{""current"": 101000.0, ""ma5"": 101600.0, ""ma10"": 100800.0, ""vol60"": 112950.0}",0.0,-1000.0,0.0,"{""ema12"": 31.43, ""ema26"": 31.66, ""ema50"": 31.99}",81.82,0.0276,0.3457,31.42,"{""bias5"": 0.37, ""bias10"": 0.13, ""bias20"": -0.43}",84.19,-3.05,"{""pdi"": 27.78, ""mdi"": 55.56, ""adx"": 33.33}",0.0,"{""k"": 50.35, ""d"": 30.98}",-0.14,995.43,177000.0,41.67,1010.35,-0.44,29.7,-653000.0,108.43,31.44,-52.38,,,,,,,,,,,,,-1000.0,0.0,0.0,,,-3,0.75,,,,"{""k"": 50.35, ""d"": 30.98, ""j"": 89.1}","{""ma25"": 31.61, ""ma25_slope"": -0.026, ""vol5"": 101600.0, ""vol60"": 112950.0, ""vol120"": null, ""vol_ratio_5_60"": 0.8995, ""low_vs_ma25_pct"": -0.5935, ""close_vs_ma25_pct"": -0.5935, ""body_size"": 0.06, ""upper_shadow"": 0.0, ""lower_shadow"": 0.0, ""pullback_count_25ma"": 0, ""first_pullback_flag"": 0, ""hard_filter_pass"": 0, ""pattern_type"": ""trap\u9677\u9631"", ""score"": 20.0}"
20260916,00751B,元大AAA至A公司債,126007,2668000,80364340,30.12,30.16,30.04,30.05,+0.12,627,"327,000",0,"-518,258","{""upper"": 30.74, ""middle"": 30.24, ""lower"": 29.73}","{""upper"": 30.74, ""middle"": 30.24, ""lower"": 29.73}","{""upper"": 30.74, ""middle"": 30.24, ""lower"": 29.73}","{""cdp"": 30.08, ""ah"": 30.2, ""nh"": 30.11, ""nl"": 29.99, ""al"": 29.96}","{""ma5"": 29.95, ""ma10"": 30.03, ""ma20"": 30.24, ""ma25"": 30.27, ""ma60"": 30.93}",,,"{""current_price"": 30.05, ""pe_high"": 46.4, ""pe_mid_high"": 37.12, ""pe_fair"": 30.93, ""pe_mid_low"": 24.75, ""pe_low"": 18.56}",29.79,"{""line1"": 31.86, ""line2"": 31.21, ""line3"": 30.48, ""line4"": 29.82, ""line5"": 29.44}","{""dif"": -0.23, ""dea"": -0.24, ""dem"": -0.24, ""osc"": 0.02, ""mac"": 0.02}","{""rsi6"": 48.94, ""rsi12"": 39.02, ""rsi24"": 39.23}","{""current"": 2668000.0, ""ma5"": 4207200.0, ""ma10"": 4348800.0, ""vol60"": 5507417.0}",-191258.0,327000.0,0.0,"{""ema12"": 30.08, ""ema26"": 30.31, ""ema50"": 30.64}",54.91,0.0334,0.3159,30.07,"{""bias5"": 0.35, ""bias10"": 0.06, ""bias20"": -0.62}",78.43,-15.0,"{""pdi"": 21.32, ""mdi"": 40.1, ""adx"": 30.58}",0.0,"{""k"": 38.12, ""d"": 26.34}",-0.18,1042.52,-37260000.0,33.33,994.97,-0.6,28.72,-35486000.0,54.14,30.08,-65.38,,,,,,,,,,,,,327000.0,191258.0,-191258.0,,,-3,0.6,,,,"{""k"": 38.12, ""d"": 26.34, ""j"": 61.7}","{""ma25"": 30.27, ""ma25_slope"": -0.0276, ""vol5"": 4207200.0, ""vol60"": 5507417.0, ""vol120"": null, ""vol_ratio_5_60"": 0.7639, ""low_vs_ma25_pct"": -0.7756, ""close_vs_ma25_pct"": -0.7425, ""body_size"": 0.07, ""upper_shadow"": 0.04, ""lower_shadow"": 0.01, ""pullback_count_25ma"": 0, ""first_pullback_flag"": 0, ""hard_filter_pass"": 0, ""pattern_type"": ""trap\u9677\u9631"", ""score"": 20.0}"
20260916,00754B,群益AAA-AA公司債,126008,115000,3581260,31.24,31.24,31.13,31.13,+0.17,8,0,0,"-11,019","{""upper"": 31.7, ""middle"": 31.24, ""lower"": 30.79}","{""upper"": 31.7, ""middle"": 31.24, ""lower"": 30.79}","{""upper"": 31.7, ""middle"": 31.24, ""lower"": 30.79}","{""cdp"": 31.16, ""ah"": 31.27, ""nh"": 31.18, ""nl"": 31.07, ""al"": 31.05}","{""ma5"": 31.01, ""ma10"": 31.08, ""ma20"": 31.24, ""ma25"": 31.35, ""ma60"": 32.38}",,,"{""current_price"": 31.13, ""pe_high"": 48.57, ""pe_mid_high"": 38.86, ""pe_fair"": 32.38, ""pe_mid_low"": 25.9, ""pe_low"": 19.43}",30.78,"{""line1"": 33.81, ""line2"": 32.85, ""line3"": 31.7, ""line4"": 30.59, ""line5"": 29.96}","{""dif"": -0.3, ""dea"": -0.35, ""dem"": -0.35, ""osc"": 0.09, ""mac"": 0.09}","{""rsi6"": 51.16, ""rsi12"": 45.07, ""rsi24"": 35.57}","{""current"": 115000.0, ""ma5"": 150000.0, ""ma10"": 126300.0, ""vol60"": 138967.0}",-11019.0,0.0,0.0,"{""ema12"": 31.14, ""ema26"": 31.45, ""ema50"": 31.92}",55.37,0.0294,0.3752,31.13,"{""bias5"": 0.38, ""bias10"": 0.17, ""bias20"": -0.37}",61.39,21.77,"{""pdi"": 22.22, ""mdi"": 47.22, ""adx"": 36.0}",0.0,"{""k"": 53.73, ""d"": 36.94}",-0.07,1009.5,-175000.0,41.67,1044.14,-0.22,36.73,38000.0,85.26,31.16,-48.57,,,,,,,,,,,,,0.0,11019.0,-11019.0,,,-3,0.75,,,,"{""k"": 53.73, ""d"": 36.94, ""j"": 87.3}","{""ma25"": 31.35, ""ma25_slope"": -0.0456, ""vol5"": 150000.0, ""vol60"": 138967.0, ""vol120"": null, ""vol_ratio_5_60"": 1.0794, ""low_vs_ma25_pct"": -0.6967, ""close_vs_ma25_pct"": -0.6967, ""body_size"": 0.11, ""upper_shadow"": 0.0, ""lower_shadow"": 0.0, ""pullback_count_25ma"": 0, ""first_pullback_flag"": 0, ""hard_filter_pass"": 0, ""pattern_type"": ""\u7121"", ""score"": 20.0}"
20260916,00755B,群益投資級公用債,126009,104000,3245920,31.23,31.25,31.17,31.17,+0.06,8,0,0,531,"{""upper"": 31.95, ""middle"": 31.41, ""lower"": 30.87}","{""upper"": 31.95, ""middle"": 31.41, ""lower"": 30.87}","{""upper"": 31.95, ""middle"": 31.41, ""lower"": 30.87}","{""cdp"": 31.19, ""ah"": 31.27, ""nh"": 31.21, ""nl"": 31.13, ""al"": 31.11}","{""ma5"": 31.1, ""ma10"": 31.2, ""ma20"": 31.41, ""ma25"": 31.5, ""ma60"": 32.36}",,,"{""current_price"": 31.17, ""pe_high"": 48.54, ""pe_mid_high"": 38.83, ""pe_fair"": 32.36, ""pe_mid_low"": 25.89, ""pe_low"": 19.42}",30.98,"{""line1"": 33.66, ""line2"": 32.88, ""line3"": 31.85, ""line4"": 30.76, ""line5"": 30.14}","{""dif"": -0.3, ""dea"": -0.32, ""dem"": -0.32, ""osc"": 0.04, ""mac"": 0.04}","{""rsi6"": 42.86, ""rsi12"": 40.45, ""rsi24"": 34.84}","{""current"": 104000.0, ""ma5"": 96200.0, ""ma10"": 104200.0, ""vol60"": 123433.0}",531.0,0.0,0.0,"{""ema12"": 31.25, ""ema26"": 31.56, ""ema50"": 31.94}",87.21,0.0343,0.2786,31.24,"{""bias5"": 0.24, ""bias10"": -0.1, ""bias20"": -0.76}",60.73,-35.67,"{""pdi"": 31.71, ""mdi"": 53.66, ""adx"": 25.71}",0.0,"{""k"": 31.3, ""d"": 20.78}",-0.17,1019.62,-306000.0,41.67,1033.93,-0.54,20.83,-180000.0,83.38,31.19,-72.6,,,,,,,,,,,,,0.0,-531.0,531.0,,,-2,0.6,,,,"{""k"": 31.3, ""d"": 20.78, ""j"": 52.32}","{""ma25"": 31.5, ""ma25_slope"": -0.0492, ""vol5"": 96200.0, ""vol60"": 123433.0, ""vol120"": null, ""vol_ratio_5_60"": 0.7794, ""low_vs_ma25_pct"": -1.0501, ""close_vs_ma25_pct"": -1.0501, ""body_size"": 0.06, ""upper_shadow"": 0.02, ""lower_shadow"": 0.0, ""pullback_count_25ma"": 0, ""first_pullback_flag"": 0, ""hard_filter_pass"": 0, ""pattern_type"": ""trap\u9677\u9631"", ""score"": 0.0}"
20260916,00756B,群益投等新興公債,126010,153000,4557330,29.79,29.86,29.76,29.77,+0.05,20,"-7,000",0,"-19,016","{""upper"": 30.76, ""middle"": 30.17, ""lower"": 29.59}","{""upper"": 30.76, ""middle"": 30.17, ""lower"": 29.59}","{""upper"": 30.76, ""middle"": 30.17, ""lower"": 29.59}","{""cdp"": 29.79, ""ah"": 29.89, ""nh"": 29.82, ""nl"": 29.72, ""al"": 29.69}","{""ma5"": 29.77, ""ma10"": 29.94, ""ma20"": 30.17, ""ma25"": 30.32, ""ma60"": 31.15}",,,"{""current_price"": 29.77, ""pe_high"": 46.72, ""pe_mid_high"": 37.38, ""pe_fair"": 31.15, ""pe_mid_low"": 24.92, ""pe_low"": 18.69}",29.87,"{""line1"": 32.46, ""line2"": 31.69, ""line3"": 30.65, ""line4"": 29.5, ""line5"": 28.87}","{""dif"": -0.35, ""dea"": -0.34, ""dem"": -0.34, ""osc"": -0.01, ""mac"": -0.01}","{""rsi6"": 15.15, ""rsi12"": 22.5, ""rsi24"": 23.28}","{""current"": 153000.0, ""ma5"": 136200.0, ""ma10"": 175700.0, ""vol60"": 203383.0}",-26016.0,-7000.0,0.0,"{""ema12"": 29.98, ""ema26"": 30.33, ""ema50"": 30.72}",51.6,0.0389,0.1566,29.95,"{""bias5"": -0.01, ""bias10"": -0.56, ""bias20"": -1.34}",39.48,-83.48,"{""pdi"": 11.35, ""mdi"": 47.03, ""adx"": 61.11}",0.0,"{""k"": 8.49, ""d"": 9.16}",-0.44,1058.77,-2035000.0,25.0,999.69,-1.46,5.43,-1156000.0,42.88,29.79,-93.67,,,,,,,,,,,,,-7000.0,26016.0,-26016.0,,,-8,0.14,,,,"{""k"": 8.49, ""d"": 9.16, ""j"": 7.14}","{""ma25"": 30.32, ""ma25_slope"": -0.0672, ""vol5"": 136200.0, ""vol60"": 203383.0, ""vol120"": null, ""vol_ratio_5_60"": 0.6697, ""low_vs_ma25_pct"": -1.8547, ""close_vs_ma25_pct"": -1.8218, ""body_size"": 0.02, ""upper_shadow"": 0.07, ""lower_shadow"": 0.01, ""pullback_count_25ma"": 0, ""first_pullback_flag"": 0, ""hard_filter_pass"": 0, ""pattern_type"": ""trap\u9677\u9631"", ""score"": 0.0}"
20260916,00758B,復華能源債,126011,102000,5078040,49.55,49.79,49.49,49.49,+0.09,4,0,0,"1,003","{""upper"": 50.56, ""middle"": 49.84, ""lower"": 49.12}","{""upper"": 50.56, ""middle"": 49.84, ""lower"": 49.12}","{""upper"": 50.56, ""middle"": 49.84, ""lower"": 49.12}","{""cdp"": 49.56, ""ah"": 49.86, ""nh"": 49.64, ""nl"": 49.34, ""al"": 49.27}","{""ma5"": 49.39, ""ma10"": 49.58, ""ma20"": 49.84, ""ma25"": 49.98, ""ma60"": 51.05}",,,"{""current_price"": 49.49, ""pe_high"": 76.57, ""pe_mid_high"": 61.25, ""pe_fair"": 51.05, ""pe_mid_low"": 40.84, ""pe_low"": 30.63}",49.18,"{""line1"": 52.71, ""line2"": 51.71, ""line3"": 50.42, ""line4"": 49.02, ""line5"": 48.23}","{""dif"": -0.4, ""dea"": -0.41, ""dem"": -0.41, ""osc"": 0.02, ""mac"": 0.02}","{""rsi6"": 45.28, ""rsi12"": 37.96, ""rsi24"": 35.28}","{""current"": 102000.0, ""ma5"": 101800.0, ""ma10"": 101100.0, ""vol60"": 100583.0}",1003.0,0.0,0.0,"{""ema12"": 49.63, ""ema26"": 50.04, ""ema50"": 50.51}",246.51,0.0289,0.2551,49.61,"{""bias5"": 0.19, ""bias10"": -0.17, ""bias20"": -0.71}",66.31,-27.23,"{""pdi"": 31.66, ""mdi"": 45.56, ""adx"": 18.0}",0.0,"{""k"": 30.09, ""d"": 20.15}",-0.33,1003.64,-590000.0,50.0,1034.45,-0.66,24.06,-101000.0,63.18,49.56,-65.59,,,,,,,,,,,,,0.0,-1003.0,1003.0,,,-4,0.6,,,,"{""k"": 30.09, ""d"": 20.15, ""j"": 49.98}","{""ma25"": 49.98, ""ma25_slope"": -0.0664, ""vol5"": 101800.0, ""vol60"": 100583.0, ""vol120"": null, ""vol_ratio_5_60"": 1.0121, ""low_vs_ma25_pct"": -0.9772, ""close_vs_ma25_pct"": -0.9772, ""body_size"": 0.06, ""upper_shadow"": 0.24, ""lower_shadow"": 0.0, ""pullback_count_25ma"": 0, ""first_pullback_flag"": 0, ""hard_filter_pass"": 0, ""pattern_type"": ""\u7121"", ""score"": 20.0}"
20260916,00759B,復華製藥債,126012,101000,5272000,52.20,52.20,52.00,52.00,+0.25,3,0,0,-1,"{""upper"": 53.38, ""middle"": 52.42, ""lower"": 51.46}","{""upper"": 53.38, ""middle"": 52.42, ""lower"": 51.46}","{""upper"": 53.38, ""middle"": 52.42, ""lower"": 51.46}","{""cdp"": 52.05, ""ah"": 52.25, ""nh"": 52.1, ""nl"": 51.9, ""al"": 51.85}","{""ma5"": 51.83, ""ma10"": 52.04, ""ma20"": 52.42, ""ma25"": 52.57, ""ma60"": 53.91}",,,"{""current_price"": 52.0, ""pe_high"": 80.86, ""pe_mid_high"": 64.69, ""pe_fair"": 53.91, ""pe_mid_low"": 43.13, ""pe_low"": 32.34}",51.66,"{""line1"": 55.88, ""line2"": 54.68, ""line3"": 53.08, ""line4"": 51.42, ""line5"": 50.49}","{""dif"": -0.49, ""dea"": -0.51, ""dem"": -0.51, ""osc"": 0.03, ""mac"": 0.03}","{""rsi6"": 43.75, ""rsi12"": 37.93, ""rsi24"": 34.78}","{""current"": 101000.0, ""ma5"": 100600.0, ""ma10"": 100300.0, ""vol60"": 100583.0}",-1.0,0.0,0.0,"{""ema12"": 52.13, ""ema26"": 52.63, ""ema50"": 53.22}",47.06,0.0367,0.2831,52.1,"{""bias5"": 0.33, ""bias10"": -0.07, ""bias20"": -0.8}",66.67,-30.88,"{""pdi"": 26.92, ""mdi"": 57.69, ""adx"": 36.36}",0.0,"{""k"": 28.63, ""d"": 16.84}",-0.35,1005.58,-804000.0,33.33,1030.46,-0.67,21.88,-199000.0,53.01,52.05,-70.83,,,,,,,,,,,,,0.0,1.0,-1.0,,,-6,0.4,,,,"{""k"": 28.63, ""d"": 16.84, ""j"": 52.22}","{""ma25"": 52.57, ""ma25_slope"": -0.068, ""vol5"": 100600.0, ""vol60"": 100583.0, ""vol120"": null, ""vol_ratio_5_60"": 1.0002, ""low_vs_ma25_pct"": -1.088, ""close_vs_ma25_pct"": -1.088, ""body_size"": 0.2, ""upper_shadow"": 0.0, ""lower_shadow"": 0.0, ""pullback_count_25ma"": 0, ""first_pullback_flag"": 0, ""hard_filter_pass"": 0, ""pattern_type"": ""\u7121"", ""score"": 0.0}"
20260916,00760B,復華新興企業債,126013,101000,5201600,51.60,51.60,51.50,51.50,+0.15,3,0,0,"-1,304","{""upper"": 52.91, ""middle"": 52.0, ""lower"": 51.08}","{""upper"": 52.91, ""middle"": 52.0, ""lower"": 51.08}","{""upper"": 52.91, ""middle"": 52.0, ""lower"": 51.08}","{""cdp"": 51.52, ""ah"": 51.62, ""nh"": 51.55, ""nl"": 51.45, ""al"": 51.42}","{""ma5"": 51.4, ""ma10"": 51.62, ""ma20"": 52.0, ""ma25"": 52.26, ""ma60"": 53.36}",,,"{""current_price"": 51.5, ""pe_high"": 80.04, ""pe_mid_high"": 64.03, ""pe_fair"": 53.36, ""pe_mid_low"": 42.69, ""pe_low"": 32.01}",51.06,"{""line1"": 55.16, ""line2"": 54.12, ""line3"": 52.7, ""line4"": 51.05, ""line5"": 50.17}","{""dif"": -0.5, ""dea"": -0.5, ""dem"": -0.5, ""osc"": -0.01, ""mac"": -0.01}","{""rsi6"": 33.33, ""rsi12"": 31.03, ""rsi24"": 23.81}","{""current"": 101000.0, ""ma5"": 103000.0, ""ma10"": 103500.0, ""vol60"": 113050.0}",-1304.0,0.0,0.0,"{""ema12"": 51.71, ""ema26"": 52.22, ""ema50"": 52.76}",217.86,0.0352,0.2283,51.69,"{""bias5"": 0.19, ""bias10"": -0.24, ""bias20"": -0.96}",29.82,-52.09,"{""pdi"": 24.64, ""mdi"": 46.38, ""adx"": 30.61}",0.0,"{""k"": 32.13, ""d"": 25.21}",-0.55,1025.11,-681000.0,33.33,1015.11,-1.06,26.47,294000.0,61.76,51.52,-65.38,,,,,,,,,,,,,0.0,1304.0,-1304.0,,,-5,0.33,,,,"{""k"": 32.13, ""d"": 25.21, ""j"": 45.95}","{""ma25"": 52.26, ""ma25_slope"": -0.086, ""vol5"": 103000.0, ""vol60"": 113050.0, ""vol120"": null, ""vol_ratio_5_60"": 0.9111, ""low_vs_ma25_pct"": -1.4543, ""close_vs_ma25_pct"": -1.4543, ""body_size"": 0.1, ""upper_shadow"": 0.0, ""lower_shadow"": 0.0, ""pullback_count_25ma"": 0, ""first_pullback_flag"": 0, ""hard_filter_pass"": 0, ""pattern_type"": ""trap\u9677\u9631"", ""score"": 0.0}"
20260916,00761B,國泰A級公司債,126014,362000,11833090,32.50,32.75,32.50,32.58,+0.08,42,"41,000",0,"21,849","{""upper"": 33.39, ""middle"": 32.84, ""lower"": 32.29}","{""upper"": 33.39, ""middle"": 32.84, ""lower"": 32.29}","{""upper"": 33.39, ""middle"": 32.84, ""lower"": 32.29}","{""cdp"": 32.6, ""ah"": 32.85, ""nh"": 32.7, ""nl"": 32.45, ""al"": 32.35}","{""ma5"": 32.51, ""ma10"": 32.62, ""ma20"": 32.84, ""ma25"": 32.95, ""ma60"": 33.86}",,,"{""current_price"": 32.58, ""pe_high"": 50.78, ""pe_mid_high"": 40.63, ""pe_fair"": 33.86, ""pe_mid_low"": 27.08, ""pe_low"": 20.31}",32.37,"{""line1"": 35.24, ""line2"": 34.38, ""line3"": 33.31, ""line4"": 32.16, ""line5"": 31.53}","{""dif"": -0.32, ""dea"": -0.34, ""dem"": -0.34, ""osc"": 0.04, ""mac"": 0.04}","{""rsi6"": 36.59, ""rsi12"": 36.36, ""rsi24"": 32.98}","{""current"": 362000.0, ""ma5"": 324400.0, ""ma10"": 363400.0, ""vol60"": 424800.0}",62849.0,41000.0,0.0,"{""ema12"": 32.68, ""ema26"": 33.01, ""ema50"": 33.42}",79.9,0.0335,0.2638,32.66,"{""bias5"": 0.23, ""bias10"": -0.12, ""bias20"": -0.79}",69.21,-43.9,"{""pdi"": 18.43, ""mdi"": 38.25, ""adx"": 34.96}",0.0,"{""k"": 27.48, ""d"": 20.41}",-0.24,1030.06,22000.0,50.0,1025.64,-0.73,21.36,-1224000.0,91.97,32.6,-71.43,,,,,,,,,,,,,41000.0,-62849.0,62849.0,,,-2,1.0,,,,"{""k"": 27.48, ""d"": 20.41, ""j"": 41.64}","{""ma25"": 32.95, ""ma25_slope"": -0.052, ""vol5"": 324400.0, ""vol60"": 424800.0, ""vol120"": null, ""vol_ratio_5_60"": 0.7637, ""low_vs_ma25_pct"": -1.3621, ""close_vs_ma25_pct"": -1.1193, ""body_size"": 0.08, ""upper_shadow"": 0.17, ""lower_shadow"": 0.0, ""pullback_count_25ma"": 0, ""first_pullback_flag"": 0, ""hard_filter_pass"": 0, ""pattern_type"": ""trap\u9677\u9631"", ""score"": 0.0}"
20260916,00764B,群益25年美債,126015,2372000,62575610,26.41,26.44,26.33,26.33,除息,96,"-130,000",0,"135,861","{""upper"": 27.46, ""middle"": 26.86, ""lower"": 26.27}","{""upper"": 27.46, ""middle"": 26.86, ""lower"": 26.27}","{""upper"": 27.46, ""middle"": 26.86, ""lower"": 26.27}","{""cdp"": 26.36, ""ah"": 26.47, ""nh"": 26.38, ""nl"": 26.27, ""al"": 26.25}","{""ma5"": 26.45, ""ma10"": 26.64, ""ma20"": 26.86, ""ma25"": 26.9, ""ma60"": 27.46}",,,"{""current_price"": 26.33, ""pe_high"": 41.19, ""pe_mid_high"": 32.95, ""pe_fair"": 27.46, ""pe_mid_low"": 21.97, ""pe_low"": 16.47}",26.64,"{""line1"": 28.35, ""line2"": 27.8, ""line3"": 27.11, ""line4"": 26.41, ""line5"": 26.0}","{""dif"": -0.26, ""dea"": -0.22, ""dem"": -0.22, ""osc"": -0.07, ""mac"": -0.07}","{""rsi6"": 13.85, ""rsi12"": 27.78, ""rsi24"": 35.38}","{""current"": 2372000.0, ""ma5"": 4531400.0, ""ma10"": 5390900.0, ""vol60"": 6479033.0}",5861.0,-130000.0,0.0,"{""ema12"": 26.64, ""ema26"": 26.9, ""ema50"": 27.17}",55.47,0.0445,0.0537,26.62,"{""bias5"": -0.45, ""bias10"": -1.16, ""bias20"": -1.99}",63.25,-120.27,"{""pdi"": 16.83, ""mdi"": 52.4, ""adx"": 51.39}",0.0,"{""k"": 8.18, ""d"": 13.68}",-0.48,959.11,10273000.0,41.67,1095.7,-1.79,0.0,-28860000.0,99.6,26.36,-100.0,,,,,,,,,,,,,-130000.0,-5861.0,5861.0,,,-4,0.33,,,,"{""k"": 8.18, ""d"": 13.68, ""j"": -2.83}","{""ma25"": 26.9, ""ma25_slope"": -0.0416, ""vol5"": 4531400.0, ""vol60"": 6479033.0, ""vol120"": null, ""vol_ratio_5_60"": 0.6994, ""low_vs_ma25_pct"": -2.1306, ""close_vs_ma25_pct"": -2.1306, ""body_size"": 0.08, ""upper_shadow"": 0.03, ""lower_shadow"": 0.0, ""pullback_count_25ma"": 1, ""first_pullback_flag"": 1, ""hard_filter_pass"": 0, ""pattern_type"": ""trap\u9677\u9631"", ""score"": 10.0}"
20260916,00768B,復華20年美債,126016,178000,8441390,47.37,47.48,47.29,47.32,+0.16,35,"-14,000",0,"-27,756","{""upper"": 48.72, ""middle"": 47.78, ""lower"": 46.85}","{""upper"": 48.72, ""middle"": 47.78, ""lower"": 46.85}","{""upper"": 48.72, ""middle"": 47.78, ""lower"": 46.85}","{""cdp"": 47.35, ""ah"": 47.54, ""nh"": 47.41, ""nl"": 47.23, ""al"": 47.16}","{""ma5"": 47.18, ""ma10"": 47.42, ""ma20"": 47.78, ""ma25"": 47.97, ""ma60"": 49.36}",,,"{""current_price"": 47.32, ""pe_high"": 74.04, ""pe_mid_high"": 59.23, ""pe_fair"": 49.36, ""pe_mid_low"": 39.49, ""pe_low"": 29.61}",46.91,"{""line1"": 51.46, ""line2"": 50.2, ""line3"": 48.53, ""line4"": 46.72, ""line5"": 45.71}","{""dif"": -0.52, ""dea"": -0.54, ""dem"": -0.54, ""osc"": 0.03, ""mac"": 0.03}","{""rsi6"": 33.71, ""rsi12"": 36.75, ""rsi24"": 32.29}","{""current"": 178000.0, ""ma5"": 269600.0, ""ma10"": 253700.0, ""vol60"": 683367.0}",-41756.0,-14000.0,0.0,"{""ema12"": 47.5, ""ema26"": 48.03, ""ema50"": 48.67}",44.3,0.039,0.2505,47.47,"{""bias5"": 0.3, ""bias10"": -0.22, ""bias20"": -0.97}",57.2,-47.11,"{""pdi"": 19.6, ""mdi"": 42.33, ""adx"": 36.7}",0.0,"{""k"": 29.76, ""d"": 21.87}",-0.44,1026.7,-2915000.0,41.67,1028.75,-0.92,23.86,-4071000.0,41.29,47.35,-69.12,,,,,,,,,,,,,-14000.0,41756.0,-41756.0,,,-2,0.6,,,,"{""k"": 29.76, ""d"": 21.87, ""j"": 45.56}","{""ma25"": 47.97, ""ma25_slope"": -0.084, ""vol5"": 269600.0, ""vol60"": 683367.0, ""vol120"": null, ""vol_ratio_5_60"": 0.3945, ""low_vs_ma25_pct"": -1.4233, ""close_vs_ma25_pct"": -1.3608, ""body_size"": 0.05, ""upper_shadow"": 0.11, ""lower_shadow"": 0.03, ""pullback_count_25ma"": 1, ""first_pullback_flag"": 1, ""hard_filter_pass"": 0, ""pattern_type"": ""trap\u9677\u9631"", ""score"": 10.0}"
20260916,00772B,中信高評級公司債,126017,1597000,51013240,31.90,32.02,31.85,31.87,除息,417,"427,500",0,"-276,660","{""upper"": 32.87, ""middle"": 32.26, ""lower"": 31.66}","{""upper"": 32.87, ""middle"": 32.26, ""lower"": 31.66}","{""upper"": 32.87, ""middle"": 32.26, ""lower"": 31.66}","{""cdp"": 31.9, ""ah"": 32.07, ""nh"": 31.96, ""nl"": 31.79, ""al"": 31.73}","{""ma5"": 31.88, ""ma10"": 32.02, ""ma20"": 32.26, ""ma25"": 32.34, ""ma60"": 33.07}",,,"{""current_price"": 31.87, ""pe_high"": 49.61, ""pe_mid_high"": 39.69, ""pe_fair"": 33.07, ""pe_mid_low"": 26.46, ""pe_low"": 19.84}",31.78,"{""line1"": 34.17, ""line2"": 33.47, ""line3"": 32.6, ""line4"": 31.73, ""line5"": 31.24}","{""dif"": -0.29, ""dea"": -0.28, ""dem"": -0.28, ""osc"": -0.02, ""mac"": -0.02}","{""rsi6"": 20.0, ""rsi12"": 25.61, ""rsi24"": 32.83}","{""current"": 1597000.0, ""ma5"": 1577400.0, ""ma10"": 1784600.0, ""vol60"": 2347433.0}",150840.0,427500.0,0.0,"{""ema12"": 32.06, ""ema26"": 32.36, ""ema50"": 32.71}",47.89,0.0375,0.1744,32.04,"{""bias5"": -0.02, ""bias10"": -0.46, ""bias20"": -1.22}",62.46,-74.86,"{""pdi"": 15.42, ""mdi"": 43.28, ""adx"": 47.46}",0.0,"{""k"": 15.88, ""d"": 15.12}",-0.4,1021.25,-14523000.0,33.33,1026.2,-1.24,8.65,-9821000.0,51.06,31.9,-88.89,,,,,,,,,,,,,427500.0,-150840.0,150840.0,,,-5,0.33,,,,"{""k"": 15.88, ""d"": 15.12, ""j"": 17.42}","{""ma25"": 32.34, ""ma25_slope"": -0.046, ""vol5"": 1577400.0, ""vol60"": 2347433.0, ""vol120"": null, ""vol_ratio_5_60"": 0.672, ""low_vs_ma25_pct"": -1.5078, ""close_vs_ma25_pct"": -1.446, ""body_size"": 0.03, ""upper_shadow"": 0.12, ""lower_shadow"": 0.02, ""pullback_count_25ma"": 0, ""first_pullback_flag"": 0, ""hard_filter_pass"": 0, ""pattern_type"": ""trap\u9677\u9631"", ""score"": 0.0}"
20260916,00773B,中信優先金融債,126018,1876000,64023720,34.17,34.22,34.06,34.06,除息,67,"79,000",0,"54,652","{""upper"": 35.3, ""middle"": 34.57, ""lower"": 33.84}","{""upper"": 35.3, ""middle"": 34.57, ""lower"": 33.84}","{""upper"": 35.3, ""middle"": 34.57, ""lower"": 33.84}","{""cdp"": 34.1, ""ah"": 34.26, ""nh"": 34.14, ""nl"": 33.98, ""al"": 33.94}","{""ma5"": 34.09, ""ma10"": 34.27, ""ma20"": 34.57, ""ma25"": 34.67, ""ma60"": 35.44}",,,"{""current_price"": 34.06, ""pe_high"": 53.15, ""pe_mid_high"": 42.52, ""pe_fair"": 35.44, ""pe_mid_low"": 28.35, ""pe_low"": 21.26}",34.22,"{""line1"": 36.67, ""line2"": 35.93, ""line3"": 34.98, ""line4"": 33.94, ""line5"": 33.36}","{""dif"": -0.35, ""dea"": -0.32, ""dem"": -0.32, ""osc"": -0.05, ""mac"": -0.05}","{""rsi6"": 16.28, ""rsi12"": 20.83, ""rsi24"": 29.86}","{""current"": 1876000.0, ""ma5"": 1419800.0, ""ma10"": 1296700.0, ""vol60"": 1148050.0}",133652.0,79000.0,0.0,"{""ema12"": 34.31, ""ema26"": 34.67, ""ema50"": 35.04}",28.29,0.0423,0.1493,34.3,"{""bias5"": -0.08, ""bias10"": -0.61, ""bias20"": -1.48}",50.79,-82.09,"{""pdi"": 10.63, ""mdi"": 52.66, ""adx"": 66.41}",0.0,"{""k"": 7.47, ""d"": 11.15}",-0.56,1035.05,-12998000.0,25.0,1018.61,-1.62,1.71,-9477000.0,45.5,34.1,-97.67,,,,,,,,,,,,,79000.0,-133652.0,133652.0,,,-10,0.14,,,,"{""k"": 7.47, ""d"": 11.15, ""j"": 0.1}","{""ma25"": 34.67, ""ma25_slope"": -0.0568, ""vol5"": 1419800.0, ""vol60"": 1148050.0, ""vol120"": null, ""vol_ratio_5_60"": 1.2367, ""low_vs_ma25_pct"": -1.7651, ""close_vs_ma25_pct"": -1.7651, ""body_size"": 0.11, ""upper_shadow"": 0.05, ""lower_shadow"": 0.0, ""pullback_count_25ma"": 0, ""first_pullback_flag"": 0, ""hard_filter_pass"": 0, ""pattern_type"": ""\u7121"", ""score"": 0.0}"
20260916,00777B,凱基AAA至A公司債,126019,100000,3076000,30.76,30.76,30.76,30.76,除息,2,0,0,0,"{""upper"": 31.56, ""middle"": 31.04, ""lower"": 30.52}","{""upper"": 31.56, ""middle"": 31.04, ""lower"": 30.52}","{""upper"": 31.56, ""middle"": 31.04, ""lower"": 30.52}","{""cdp"": 30.76, ""ah"": 30.76, ""nh"": 30.76, ""nl"": 30.76, ""al"": 30.76}","{""ma5"": 30.71, ""ma10"": 30.84, ""ma20"": 31.04, ""ma25"": 31.1, ""ma60"": 31.88}",,,"{""current_price"": 30.76, ""pe_high"": 47.82, ""pe_mid_high"": 38.26, ""pe_fair"": 31.88, ""pe_mid_low"": 25.51, ""pe_low"": 19.13}",30.54,"{""line1"": 32.92, ""line2"": 32.21, ""line3"": 31.34, ""line4"": 30.55, ""line5"": 30.1}","{""dif"": -0.26, ""dea"": -0.27, ""dem"": -0.27, ""osc"": 0.02, ""mac"": 0.02}","{""rsi6"": 41.67, ""rsi12"": 32.61, ""rsi24"": 37.1}","{""current"": 100000.0, ""ma5"": 109800.0, ""ma10"": 115900.0, ""vol60"": 113267.0}",0.0,0.0,0.0,"{""ema12"": 30.88, ""ema26"": 31.15, ""ema50"": 31.51}",98.99,0.0335,0.2276,30.87,"{""bias5"": 0.15, ""bias10"": -0.25, ""bias20"": -0.91}",61.15,-69.37,"{""pdi"": 11.35, ""mdi"": 53.19, ""adx"": 64.84}",0.0,"{""k"": 37.44, ""d"": 29.6}",-0.32,1011.38,-211000.0,50.0,1024.64,-1.03,22.12,-18000.0,85.65,30.76,-68.49,,,,,,,,,,,,,0.0,0.0,0.0,,,-3,1.0,,,,"{""k"": 37.44, ""d"": 29.6, ""j"": 53.1}","{""ma25"": 31.1, ""ma25_slope"": -0.0368, ""vol5"": 109800.0, ""vol60"": 113267.0, ""vol120"": null, ""vol_ratio_5_60"": 0.9694, ""low_vs_ma25_pct"": -1.1022, ""close_vs_ma25_pct"": -1.1022, ""body_size"": 0.0, ""upper_shadow"": 0.0, ""lower_shadow"": 0.0, ""pullback_count_25ma"": 0, ""first_pullback_flag"": 0, ""hard_filter_pass"": 0, ""pattern_type"": ""trap\u9677\u9631"", ""score"": 0.0}"
20260916,00778B,凱基金融債20+,126020,100000,3269000,32.69,32.69,32.69,32.69,除息,2,0,0,0,"{""upper"": 33.68, ""middle"": 33.05, ""lower"": 32.42}","{""upper"": 33.68, ""middle"": 33.05, ""lower"": 32.42}","{""upper"": 33.68, ""middle"": 33.05, ""lower"": 32.42}","{""cdp"": 32.69, ""ah"": 32.69, ""nh"": 32.69, ""nl"": 32.69, ""al"": 32.69}","{""ma5"": 32.66, ""ma10"": 32.79, ""ma20"": 33.05, ""ma25"": 33.12, ""ma60"": 33.93}",,,"{""current_price"": 32.69, ""pe_high"": 50.9, ""pe_mid_high"": 40.72, ""pe_fair"": 33.93, ""pe_mid_low"": 27.15, ""pe_low"": 20.36}",32.59,"{""line1"": 35.13, ""line2"": 34.36, ""line3"": 33.42, ""line4"": 32.46, ""line5"": 31.92}","{""dif"": -0.31, ""dea"": -0.3, ""dem"": -0.3, ""osc"": -0.0, ""mac"": -0.0}","{""rsi6"": 29.41, ""rsi12"": 23.94, ""rsi24"": 34.55}","{""current"": 100000.0, ""ma5"": 100600.0, ""ma10"": 101700.0, ""vol60"": 105883.0}",0.0,0.0,0.0,"{""ema12"": 32.84, ""ema26"": 33.15, ""ema50"": 33.52}",105.0,0.0382,0.2147,32.82,"{""bias5"": 0.1, ""bias10"": -0.31, ""bias20"": -1.09}",55.82,-72.07,"{""pdi"": 23.39, ""mdi"": 74.19, ""adx"": 52.07}",0.0,"{""k"": 17.03, ""d"": 11.91}",-0.37,1013.65,-411000.0,41.67,1004.93,-1.12,9.52,109000.0,72.83,32.69,-87.18,,,,,,,,,,,,,0.0,0.0,0.0,,,-3,0.6,,,,"{""k"": 17.03, ""d"": 11.91, ""j"": 27.27}","{""ma25"": 33.12, ""ma25_slope"": -0.0456, ""vol5"": 100600.0, ""vol60"": 105883.0, ""vol120"": null, ""vol_ratio_5_60"": 0.9501, ""low_vs_ma25_pct"": -1.3019, ""close_vs_ma25_pct"": -1.3019, ""body_size"": 0.0, ""upper_shadow"": 0.0, ""lower_shadow"": 0.0, ""pullback_count_25ma"": 0, ""first_pullback_flag"": 0, ""hard_filter_pass"": 0, ""pattern_type"": ""trap\u9677\u9631"", ""score"": 0.0}"
20260916,00779B,凱基美債25+,126021,300000,7983000,26.61,26.61,26.61,26.61,除息,2,0,0,0,"{""upper"": 27.78, ""middle"": 27.17, ""lower"": 26.56}","{""upper"": 27.78, ""middle"": 27.17, ""lower"": 26.56}","{""upper"": 27.78, ""middle"": 27.17, ""lower"": 26.56}","{""cdp"": 26.61, ""ah"": 26.61, ""nh"": 26.61, ""nl"": 26.61, ""al"": 26.61}","{""ma5"": 26.74, ""ma10"": 26.94, ""ma20"": 27.17, ""ma25"": 27.21, ""ma60"": 27.78}",,,"{""current_price"": 26.61, ""pe_high"": 41.67, ""pe_mid_high"": 33.34, ""pe_fair"": 27.78, ""pe_mid_low"": 22.22, ""pe_low"": 16.67}",26.93,"{""line1"": 28.69, ""line2"": 28.12, ""line3"": 27.41, ""line4"": 26.72, ""line5"": 26.3}","{""dif"": -0.26, ""dea"": -0.22, ""dem"": -0.22, ""osc"": -0.08, ""mac"": -0.08}","{""rsi6"": 21.35, ""rsi12"": 29.37, ""rsi24"": 36.04}","{""current"": 300000.0, ""ma5"": 306800.0, ""ma10"": 308100.0, ""vol60"": 364800.0}",0.0,0.0,0.0,"{""ema12"": 26.94, ""ema26"": 27.21, ""ema50"": 27.49}",53.41,0.0451,0.043,26.92,"{""bias5"": -0.49, ""bias10"": -1.23, ""bias20"": -2.06}",65.18,-132.48,"{""pdi"": 24.56, ""mdi"": 66.08, ""adx"": 45.81}",0.0,"{""k"": 8.02, ""d"": 12.12}",-0.52,1023.26,-1742000.0,41.67,1021.2,-1.92,0.0,-262000.0,66.37,26.61,-100.0,,,,,,,,,,,,,0.0,0.0,0.0,,,-4,0.33,,,,"{""k"": 8.02, ""d"": 12.12, ""j"": -0.18}","{""ma25"": 27.21, ""ma25_slope"": -0.0416, ""vol5"": 306800.0, ""vol60"": 364800.0, ""vol120"": null, ""vol_ratio_5_60"": 0.841, ""low_vs_ma25_pct"": -2.2051, ""close_vs_ma25_pct"": -2.2051, ""body_size"": 0.0, ""upper_shadow"": 0.0, ""lower_shadow"": 0.0, ""pullback_count_25ma"": 1, ""first_pullback_flag"": 1, ""hard_filter_pass"": 0, ""pattern_type"": ""trap\u9677\u9631"", ""score"": 10.0}"
20260916,00780B,國泰A級金融債,126022,143000,5130330,35.95,35.95,35.85,35.85,+0.03,6,0,0,0,"{""upper"": 36.84, ""middle"": 36.19, ""lower"": 35.54}","{""upper"": 36.84, ""middle"": 36.19, ""lower"": 35.54}","{""upper"": 36.84, ""middle"": 36.19, ""lower"": 35.54}","{""cdp"": 35.88, ""ah"": 35.98, ""nh"": 35.9, ""nl"": 35.8, ""al"": 35.77}","{""ma5"": 35.81, ""ma10"": 35.91, ""ma20"": 36.19, ""ma25"": 36.36, ""ma60"": 37.08}",,,"{""current_price"": 35.85, ""pe_high"": 55.62, ""pe_mid_high"": 44.5, ""pe_fair"": 37.08, ""pe_mid_low"": 29.67, ""pe_low"": 22.25}",35.62,"{""line1"": 38.5, ""line2"": 37.76, ""line3"": 36.75, ""line4"": 35.42, ""line5"": 34.71}","{""dif"": -0.35, ""dea"": -0.35, ""dem"": -0.35, ""osc"": 0.0, ""mac"": 0.0}","{""rsi6"": 35.29, ""rsi12"": 22.86, ""rsi24"": 21.5}","{""current"": 143000.0, ""ma5"": 137600.0, ""ma10"": 127100.0, ""vol60"": 174967.0}",0.0,0.0,0.0,"{""ema12"": 35.99, ""ema26"": 36.35, ""ema50"": 36.7}",38.85,0.0358,0.236,35.98,"{""bias5"": 0.12, ""bias10"": -0.18, ""bias20"": -0.94}",36.43,-51.92,"{""pdi"": 12.05, ""mdi"": 51.81, ""adx"": 62.26}",0.0,"{""k"": 32.2, ""d"": 22.52}",-0.38,1032.63,-1041000.0,50.0,1018.65,-1.05,20.69,488000.0,57.6,35.88,-69.62,,,,,,,,,,,,,0.0,0.0,0.0,,,-4,0.6,,,,"{""k"": 32.2, ""d"": 22.52, ""j"": 51.56}","{""ma25"": 36.36, ""ma25_slope"": -0.066, ""vol5"": 137600.0, ""vol60"": 174967.0, ""vol120"": null, ""vol_ratio_5_60"": 0.7864, ""low_vs_ma25_pct"": -1.3907, ""close_vs_ma25_pct"": -1.3907, ""body_size"": 0.1, ""upper_shadow"": 0.0, ""lower_shadow"": 0.0, ""pullback_count_25ma"": 8, ""first_pullback_flag"": 0, ""hard_filter_pass"": 0, ""pattern_type"": ""trap\u9677\u9631"", ""score"": 0.0}"
20260916,00781B,國泰A級科技債,126023,128000,3382220,26.48,26.48,26.42,26.42,除息,18,0,0,"4,118","{""upper"": 27.52, ""middle"": 26.98, ""lower"": 26.44}","{""upper"": 27.52, ""middle"": 26.98, ""lower"": 26.44}","{""upper"": 27.52, ""middle"": 26.98, ""lower"": 26.44}","{""cdp"": 26.44, ""ah"": 26.5, ""nh"": 26.45, ""nl"": 26.39, ""al"": 26.38}","{""ma5"": 26.61, ""ma10"": 26.78, ""ma20"": 26.98, ""ma25"": 27.02, ""ma60"": 27.63}",,,"{""current_price"": 26.42, ""pe_high"": 41.45, ""pe_mid_high"": 33.16, ""pe_fair"": 27.63, ""pe_mid_low"": 22.11, ""pe_low"": 16.58}",26.85,"{""line1"": 28.56, ""line2"": 27.9, ""line3"": 27.2, ""line4"": 26.58, ""line5"": 26.21}","{""dif"": -0.26, ""dea"": -0.22, ""dem"": -0.22, ""osc"": -0.06, ""mac"": -0.06}","{""rsi6"": 10.17, ""rsi12"": 19.57, ""rsi24"": 33.65}","{""current"": 128000.0, ""ma5"": 154000.0, ""ma10"": 149400.0, ""vol60"": 178117.0}",4118.0,0.0,0.0,"{""ema12"": 26.77, ""ema26"": 27.03, ""ema50"": 27.37}",51.7,0.0399,-0.0187,26.75,"{""bias5"": -0.72, ""bias10"": -1.34, ""bias20"": -2.07}",53.05,-167.26,"{""pdi"": 10.95, ""mdi"": 58.21, ""adx"": 68.35}",0.0,"{""k"": 11.39, ""d"": 20.78}",-0.56,1038.28,-973000.0,25.0,1012.22,-2.08,0.0,-1578000.0,61.8,26.44,-100.0,,,,,,,,,,,,,0.0,-4118.0,4118.0,,,-6,0.33,,,,"{""k"": 11.39, ""d"": 20.78, ""j"": -7.39}","{""ma25"": 27.02, ""ma25_slope"": -0.0392, ""vol5"": 154000.0, ""vol60"": 178117.0, ""vol120"": null, ""vol_ratio_5_60"": 0.8646, ""low_vs_ma25_pct"": -2.2148, ""close_vs_ma25_pct"": -2.2148, ""body_size"": 0.06, ""upper_shadow"": 0.0, ""lower_shadow"": 0.0, ""pullback_count_25ma"": 0, ""first_pullback_flag"": 0, ""hard_filter_pass"": 0, ""pattern_type"": ""trap\u9677\u9631"", ""score"": 0.0}"
