資料日期,綜合分數,走勢判讀,加減分,構面,觀察值,備註
date,score,bias,points,label,value,note
20261008,0.0,強烈看空,-18,市場廣度,上漲 935 / 下跌 1175 / 持平 260 (39.5%),下跌家數明顯壓制
20261008,0.0,強烈看空,-12,三大法人現貨,外資 -758.52億 / 投信 +30.09億 / 自營商 -187.31億 / 合計 -915.75億,資料源: TWSE BFI82U；偏重外資與投信是否同步站在買方
20261008,0.0,強烈看空,-18,外資台指期未平倉,"2026/10/08 外資未平倉 多 11,389 / 空 94,583 / 淨 -83,194",資料源: foreign_fo_daily；外資淨空單維持高水位
20261008,0.0,強烈看空,-8.8,夜盤,B代理 推估分數 -8.8   TXF外資淨=-83194.0 / ADR=-3.01% / SOX=-3.39% / VIX Δ=-1.23%,夜盤 B 代理值：用台指期外資、台積電 ADR、SOX、VIX 組合推估，非原始夜盤報價
20261008,0.0,強烈看空,4.0,美股 VIX,收盤 15.41 / 漲跌 2.19%,"VIX：看恐慌或波動有沒有變大(10~15(極度樂觀/盲目安全期),15~20(常態區間/理性平衡期),20~30(警惕加劇/情緒升溫期),30以上(急劇恐慌/風暴警戒期)"
20261008,0.0,強烈看空,-3.4,SOX 費半,收盤 12623.71 / 漲跌 -3.39%,SOX：看半導體族群強弱，因為台股常被電子股帶動;強勢大漲 (> 2%)台股半導體股全面跳空開高，權值股（2330）領軍衝鋒。避免在開盤前 15 分鐘盲目追高，觀察是否有主力開高走低的「出貨」跡象。跌幅深、且權值股重挫台股開低機率極高，大盤面臨回檔壓力。檢視手中持股是否跌破關鍵均線（如月線），適度執行避險。區間震盪 (± 0.5%)回歸台股自身的籌碼面（外資、投信買賣超）與個股基本面。留意特定有題材的中小型電子股，大盤此時多為震盪盤整。
20261008,0.0,強烈看空,-3.0,台積電 ADR,收盤 457.99 / 漲跌 -3.01%,台積電 ADR：看美股先行指標，通常對台積電與台股權值股有參考價值;<BR>ADR大漲 + 夜盤同步大漲極度樂觀。隔天台股台積電強勢跳空開高，大盤強攻。ADR大漲 + 夜盤表現平平可能屬於「個股基本面利多」（如台積電單獨調升財測），隔天台積電強，但其餘中小型股未必跟進。ADR 沒跌 + 夜盤卻大跌代表大盤層級的系統性風險（如美債殖利率飆升、地緣政治），隔天台積電可能因外資避險而連帶被動遭殃。費城半導體指數 (SOX) 與同業表現： 台積電 ADR 是費半的重要成分股。美股盤中需同步觀察艾司摩爾 (ASML)、輝達 (NVIDIA)、超微 (AMD) 等重磅晶片股的走勢與財報。 [1] (https://www.cmoney.tw/forum/readmo/f81bf7ca-0881-45c8-9d3f-e535b8636bb4)美股四巫日與選擇權結算： 在美股衍生性金融商品結算日，法人機構常會利用台積電 ADR 這類大型權值股進行控盤，此時的數據波動可能帶有較多技術性修正或雜訊。 [1] (https://tw.stock.yahoo.com/news/%E5%8F%B0%E7%A9%8D%E9%9B%BBadr%E6%94%B6%E7%B4%85-%E7%82%BA%E4%BD%95%E5%A4%9C%E7%9B%A4%E8%A1%80%E6%B4%971077%E9%BB%9E-%E5%B0%88%E5%AE%B6%E6%9B%9D%E8%83%8C%E5%BE%8C%E6%AE%BA%E6%A9%9F-%E4%B8%8B%E5%91%A8-%E9%80%99%E4%BB%B6%E4%BA%8B-055927567.html)即時匯率波動： 當新台幣急貶時，即便 ADR 在美股平盤，換算下來的台股理論價也會變高；相反地，新台幣強升會壓縮 ADR 換算後的台股價格。
20261008,0.0,強烈看空,0,散戶小台,查無資料,尚無散戶小台未平倉訊號
20261008,0.0,強烈看空,-10,電子權值股,台達電(2308) -25.00；鴻海(2317) -3.00；台積電(2330) -35.00；聯發科(2454) -145.00,電子權值股同步偏弱
