date,code,name,id,trade_volume,trade_value,open_price,high_price,low_price,close_price,change,transaction_count,foreign_inv,inv_trust,dealer,m_bband,m_bband_EMA,m_bband_MA,m_cdp,m_ma,m_pbr,m_pbl,m_per,m_sar,m_tcls,s_dmi,s_kdj,s_macd,s_rsi,s_vol,s_p,s_foring,s_trust,s_ema,s_ar,s_BandWidth,s_bb_persent_b,S_bbi,s_bias,s_br,s_cci,s_eom,s_kd,s_mtm,s_nvi,s_obv,s_psy,s_pvi,s_roc,s_tower,s_vao,s_vr,s_wc,s_wr,c_borrow_balance,c_price_coupon,c_day_trade_vol,c_stock_day_trade,c_stock_day_trade_ratio,c_margin_day_trade,c_margin_day_trade_ratio,c_open_interest,c_futures_institutional_holdings,c_big_holder_ratio,c_retail_holder_ratio,c_insider_holder_ratio,c_main_force_buy_sell,c_retail_buy_sell,c_buy_sell_diff,c_add_choice_count,c_del_choice_count,c_adl,c_adr,f_month_rev,f_rev_month_growth,f_rev_year_growth,s_2560
20260916,00400A,主動國泰動能高息,442738,25701200,373796122,14.48,14.70,14.46,14.52,0.1000,4894,"1,342,998",0,0,"{""upper"": 15.42, ""middle"": 14.83, ""lower"": 14.24}","{""upper"": 15.42, ""middle"": 14.83, ""lower"": 14.24}","{""upper"": 15.42, ""middle"": 14.83, ""lower"": 14.24}","{""cdp"": 14.55, ""ah"": 14.79, ""nh"": 14.64, ""nl"": 14.4, ""al"": 14.31}","{""ma5"": 14.6, ""ma10"": 14.84, ""ma20"": 14.83, ""ma25"": 14.81, ""ma60"": 14.29}","{""current_price"": 16.52, ""pb_high"": 28.2, ""pb_mid_high"": 21.15, ""pb_fair"": 14.1, ""pb_mid_low"": 11.28, ""pb_low"": 7.05}",7.05,"{""current_price"": 14.52, ""pe_high"": 21.43, ""pe_mid_high"": 17.15, ""pe_fair"": 14.29, ""pe_mid_low"": 11.43, ""pe_low"": 8.57}",14.81,"{""line1"": 16.1, ""line2"": 15.11, ""line3"": 14.32, ""line4"": 13.98, ""line5"": 13.1}","{""pdi"": 13.32, ""mdi"": 29.8, ""adx"": 38.22}","{""k"": 19.35, ""d"": 29.48, ""j"": -0.91}","{""dif"": 0.1, ""dea"": 0.21, ""dem"": 0.21, ""osc"": -0.21, ""mac"": -0.21}","{""rsi6"": 13.51, ""rsi12"": 26.78, ""rsi24"": 51.83}","{""current"": 25701200.0, ""ma5"": 30455781.0, ""ma10"": 30569700.0, ""vol60"": 50474917.0}",1342998.0,1342998.0,0.0,"{""ema12"": 14.76, ""ema26"": 14.65, ""ema50"": 14.42}",110.79,0.0794,0.2355,14.71,"{""bias5"": -0.52, ""bias10"": -2.18, ""bias20"": -2.1}",127.32,-102.75,0.0,"{""k"": 19.35, ""d"": 29.48}",-0.85,864.61,211220367.0,33.33,1090.48,-5.53,19.49,95967133.0,126.62,14.55,-87.96,,,,,,,,,,,,,1342998.0,-1342998.0,1342998.0,,,-2,0.6,,,,"{""ma25"": 14.81, ""ma25_slope"": 0.0208, ""vol5"": 30455781.0, ""vol60"": 50474917.0, ""vol120"": null, ""vol_ratio_5_60"": 0.6034, ""low_vs_ma25_pct"": -2.3817, ""close_vs_ma25_pct"": -1.9767, ""body_size"": 0.04, ""upper_shadow"": 0.18, ""lower_shadow"": 0.02, ""pullback_count_25ma"": 3, ""first_pullback_flag"": 0, ""hard_filter_pass"": 0, ""pattern_type"": ""trap\u9677\u9631"", ""score"": 0.0}"
20260916,00401A,主動摩根台灣鑫收,442739,5094639,70534926,13.77,13.94,13.77,13.86,0.1000,591,"29,000",0,0,"{""upper"": 14.54, ""middle"": 13.87, ""lower"": 13.2}","{""upper"": 14.54, ""middle"": 13.87, ""lower"": 13.2}","{""upper"": 14.54, ""middle"": 13.87, ""lower"": 13.2}","{""cdp"": 13.86, ""ah"": 14.03, ""nh"": 13.95, ""nl"": 13.78, ""al"": 13.69}","{""ma5"": 13.88, ""ma10"": 14.07, ""ma20"": 13.87, ""ma25"": 13.82, ""ma60"": 13.43}","{""current_price"": 14.67, ""pb_high"": 26.45, ""pb_mid_high"": 19.84, ""pb_fair"": 13.23, ""pb_mid_low"": 10.58, ""pb_low"": 6.61}",6.61,"{""current_price"": 13.86, ""pe_high"": 20.15, ""pe_mid_high"": 16.12, ""pe_fair"": 13.43, ""pe_mid_low"": 10.75, ""pe_low"": 8.06}",14.13,"{""line1"": 14.81, ""line2"": 14.07, ""line3"": 13.5, ""line4"": 13.26, ""line5"": 12.59}","{""pdi"": 26.73, ""mdi"": 28.3, ""adx"": 2.86}","{""k"": 27.6, ""d"": 42.13, ""j"": -1.46}","{""dif"": 0.16, ""dea"": 0.21, ""dem"": 0.21, ""osc"": -0.11, ""mac"": -0.11}","{""rsi6"": 14.93, ""rsi12"": 37.59, ""rsi24"": 54.28}","{""current"": 5094639.0, ""ma5"": 6457905.0, ""ma10"": 6286431.0, ""vol60"": 7285885.0}",29000.0,29000.0,0.0,"{""ema12"": 13.95, ""ema26"": 13.79, ""ema50"": 13.56}",95.78,0.097,0.4926,13.92,"{""bias5"": -0.17, ""bias10"": -1.51, ""bias20"": -0.07}",118.29,-70.79,0.0,"{""k"": 27.6, ""d"": 42.13}",-0.33,953.86,-14071022.0,33.33,1014.34,-2.33,52.59,8003031.0,87.13,13.86,-65.98,,,,,,,,,,,,,29000.0,-29000.0,29000.0,,,0,0.6,,,,"{""ma25"": 13.82, ""ma25_slope"": 0.0164, ""vol5"": 6457905.0, ""vol60"": 7285885.0, ""vol120"": null, ""vol_ratio_5_60"": 0.8864, ""low_vs_ma25_pct"": -0.3906, ""close_vs_ma25_pct"": 0.2604, ""body_size"": 0.09, ""upper_shadow"": 0.08, ""lower_shadow"": 0.0, ""pullback_count_25ma"": 3, ""first_pullback_flag"": 0, ""hard_filter_pass"": 0, ""pattern_type"": ""trap\u9677\u9631"", ""score"": 30.0}"
20260916,00402A,主動安聯美國科技,442740,2069178,19470533,9.43,9.44,9.40,9.41,0.0100,618,"18,000",0,0,"{""upper"": 9.66, ""middle"": 9.5, ""lower"": 9.33}","{""upper"": 9.66, ""middle"": 9.5, ""lower"": 9.33}","{""upper"": 9.66, ""middle"": 9.5, ""lower"": 9.33}","{""cdp"": 9.41, ""ah"": 9.45, ""nh"": 9.43, ""nl"": 9.39, ""al"": 9.38}","{""ma5"": 9.42, ""ma10"": 9.47, ""ma20"": 9.5, ""ma25"": 9.58, ""ma60"": 9.65}",,,"{""current_price"": 9.41, ""pe_high"": 14.47, ""pe_mid_high"": 11.58, ""pe_fair"": 9.65, ""pe_mid_low"": 7.72, ""pe_low"": 5.79}",9.5,"{""line1"": 10.07, ""line2"": 9.82, ""line3"": 9.64, ""line4"": 9.36, ""line5"": 9.17}","{""pdi"": 17.8, ""mdi"": 38.98, ""adx"": 37.31}","{""k"": 31.57, ""d"": 40.18, ""j"": 14.35}","{""dif"": -0.06, ""dea"": -0.06, ""dem"": -0.06, ""osc"": -0.01, ""mac"": -0.01}","{""rsi6"": 12.5, ""rsi12"": 40.0, ""rsi24"": 36.23}","{""current"": 2069178.0, ""ma5"": 2940930.0, ""ma10"": 3113022.0, ""vol60"": 7894434.0}",18000.0,18000.0,0.0,"{""ema12"": 9.47, ""ema26"": 9.53, ""ema50"": 9.61}",60.36,0.0345,0.23,9.47,"{""bias5"": -0.15, ""bias10"": -0.68, ""bias20"": -0.93}",76.06,-56.02,0.0,"{""k"": 31.57, ""d"": 40.18}",-0.1,1012.1,9886363.0,41.67,1041.59,-1.05,18.42,-17160642.0,104.32,9.41,-69.57,,,,,,,,,,,,,18000.0,-18000.0,18000.0,,,-3,1.33,,,,"{""ma25"": 9.58, ""ma25_slope"": -0.016, ""vol5"": 2940930.0, ""vol60"": 7894434.0, ""vol120"": null, ""vol_ratio_5_60"": 0.3725, ""low_vs_ma25_pct"": -1.8338, ""close_vs_ma25_pct"": -1.7294, ""body_size"": 0.02, ""upper_shadow"": 0.01, ""lower_shadow"": 0.01, ""pullback_count_25ma"": 1, ""first_pullback_flag"": 1, ""hard_filter_pass"": 0, ""pattern_type"": ""trap\u9677\u9631"", ""score"": 10.0}"
20260916,00403A,主動統一升級50,442741,82286919,825182271,10.00,10.11,9.98,10.02,0.0700,13787,"2,844,300",0,0,"{""upper"": 10.5, ""middle"": 10.17, ""lower"": 9.83}","{""upper"": 10.5, ""middle"": 10.17, ""lower"": 9.83}","{""upper"": 10.5, ""middle"": 10.17, ""lower"": 9.83}","{""cdp"": 10.03, ""ah"": 10.16, ""nh"": 10.08, ""nl"": 9.95, ""al"": 9.9}","{""ma5"": 10.05, ""ma10"": 10.18, ""ma20"": 10.17, ""ma25"": 10.19, ""ma60"": 10.14}",,,"{""current_price"": 10.02, ""pe_high"": 15.21, ""pe_mid_high"": 12.17, ""pe_fair"": 10.14, ""pe_mid_low"": 8.11, ""pe_low"": 6.08}",10.2,"{""line1"": 11.16, ""line2"": 10.53, ""line3"": 9.95, ""line4"": 9.71, ""line5"": 9.23}","{""pdi"": 16.13, ""mdi"": 33.87, ""adx"": 35.48}","{""k"": 23.86, ""d"": 34.23, ""j"": 3.11}","{""dif"": 0.01, ""dea"": 0.05, ""dem"": 0.05, ""osc"": -0.08, ""mac"": -0.08}","{""rsi6"": 14.89, ""rsi12"": 35.17, ""rsi24"": 48.73}","{""current"": 82286919.0, ""ma5"": 115169082.0, ""ma10"": 140771503.0, ""vol60"": 293316896.0}",2844300.0,2844300.0,0.0,"{""ema12"": 10.14, ""ema26"": 10.12, ""ema50"": 10.13}",126.17,0.0659,0.279,10.12,"{""bias5"": -0.3, ""bias10"": -1.6, ""bias20"": -1.46}",113.43,-94.38,0.0,"{""k"": 23.86, ""d"": 34.23}",-0.43,924.18,2362032131.0,33.33,1059.36,-4.11,30.99,731733183.0,205.4,10.03,-83.05,,,,,,,,,,,,,2844300.0,-2844300.0,2844300.0,,,-2,0.6,,,,"{""ma25"": 10.19, ""ma25_slope"": 0.0032, ""vol5"": 115169082.0, ""vol60"": 293316896.0, ""vol120"": null, ""vol_ratio_5_60"": 0.3926, ""low_vs_ma25_pct"": -2.0185, ""close_vs_ma25_pct"": -1.6258, ""body_size"": 0.02, ""upper_shadow"": 0.09, ""lower_shadow"": 0.02, ""pullback_count_25ma"": 6, ""first_pullback_flag"": 0, ""hard_filter_pass"": 0, ""pattern_type"": ""trap\u9677\u9631"", ""score"": 0.0}"
20260916,00404A,主動聯博動能50,442742,8404951,79221962,9.39,9.49,9.37,9.46,0.0000,2015,"-3,000",0,0,"{""upper"": 10.12, ""middle"": 9.72, ""lower"": 9.31}","{""upper"": 10.12, ""middle"": 9.72, ""lower"": 9.31}","{""upper"": 10.12, ""middle"": 9.72, ""lower"": 9.31}","{""cdp"": 9.45, ""ah"": 9.57, ""nh"": 9.52, ""nl"": 9.4, ""al"": 9.32}","{""ma5"": 9.65, ""ma10"": 9.81, ""ma20"": 9.72, ""ma25"": 9.7, ""ma60"": 9.66}",,,"{""current_price"": 9.46, ""pe_high"": 14.49, ""pe_mid_high"": 11.59, ""pe_fair"": 9.66, ""pe_mid_low"": 7.73, ""pe_low"": 5.8}",9.87,"{""line1"": 10.1, ""line2"": 9.78, ""line3"": 9.66, ""line4"": 9.6, ""line5"": 9.4}","{""pdi"": 23.29, ""mdi"": 34.54, ""adx"": 19.44}","{""k"": 22.33, ""d"": 38.47, ""j"": -9.96}","{""dif"": 0.02, ""dea"": 0.07, ""dem"": 0.07, ""osc"": -0.09, ""mac"": -0.09}","{""rsi6"": 0.0, ""rsi12"": 32.14, ""rsi24"": 45.21}","{""current"": 8404951.0, ""ma5"": 19256860.0, ""ma10"": 20465254.0, ""vol60"": 12639685.0}",-3000.0,-3000.0,0.0,"{""ema12"": 9.72, ""ema26"": 9.69, ""ema50"": 9.68}",107.27,0.0827,0.1821,9.69,"{""bias5"": -1.99, ""bias10"": -3.6, ""bias20"": -2.63}",100.0,-160.02,0.0,"{""k"": 22.33, ""d"": 38.47}",-0.4,984.42,-123708006.0,25.0,1019.05,-4.06,19.77,-69038140.0,41.84,9.45,-88.46,,,,,,,,,,,,,-3000.0,3000.0,-3000.0,,,-2,0.33,,,,"{""ma25"": 9.7, ""ma25_slope"": -0.0052, ""vol5"": 19256860.0, ""vol60"": 12639685.0, ""vol120"": null, ""vol_ratio_5_60"": 1.5235, ""low_vs_ma25_pct"": -3.422, ""close_vs_ma25_pct"": -2.4943, ""body_size"": 0.07, ""upper_shadow"": 0.03, ""lower_shadow"": 0.02, ""pullback_count_25ma"": 10, ""first_pullback_flag"": 0, ""hard_filter_pass"": 0, ""pattern_type"": ""\u7121"", ""score"": 0.0}"
20260916,00405A,主動富邦台灣龍耀,442743,26646985,224646304,8.35,8.53,8.35,8.46,0.1400,3330,"2,925,250",0,0,"{""upper"": 8.99, ""middle"": 8.61, ""lower"": 8.24}","{""upper"": 8.99, ""middle"": 8.61, ""lower"": 8.24}","{""upper"": 8.99, ""middle"": 8.61, ""lower"": 8.24}","{""cdp"": 8.45, ""ah"": 8.63, ""nh"": 8.55, ""nl"": 8.37, ""al"": 8.27}","{""ma5"": 8.48, ""ma10"": 8.62, ""ma20"": 8.61, ""ma25"": 8.62, ""ma60"": 8.47}",,,"{""current_price"": 8.46, ""pe_high"": 12.71, ""pe_mid_high"": 10.17, ""pe_fair"": 8.47, ""pe_mid_low"": 6.78, ""pe_low"": 5.08}",8.63,"{""line1"": 9.31, ""line2"": 8.71, ""line3"": 8.55, ""line4"": 8.4, ""line5"": 8.05}","{""pdi"": 13.72, ""mdi"": 31.1, ""adx"": 38.78}","{""k"": 25.44, ""d"": 33.12, ""j"": 10.07}","{""dif"": 0.03, ""dea"": 0.07, ""dem"": 0.07, ""osc"": -0.09, ""mac"": -0.09}","{""rsi6"": 23.33, ""rsi12"": 33.33, ""rsi24"": 50.63}","{""current"": 26646985.0, ""ma5"": 37821806.0, ""ma10"": 42948815.0, ""vol60"": 96435008.0}",2925250.0,2925250.0,0.0,"{""ema12"": 8.58, ""ema26"": 8.54, ""ema50"": 8.56}",122.18,0.0872,0.295,8.55,"{""bias5"": -0.21, ""bias10"": -1.81, ""bias20"": -1.79}",115.97,-107.99,0.0,"{""k"": 25.44, ""d"": 33.12}",-0.47,921.86,413034758.0,33.33,1032.2,-5.26,32.93,54980158.0,130.07,8.45,-78.57,,,,,,,,,,,,,2925250.0,-2925250.0,2925250.0,,,-2,0.6,,,,"{""ma25"": 8.62, ""ma25_slope"": 0.0124, ""vol5"": 37821806.0, ""vol60"": 96435008.0, ""vol120"": null, ""vol_ratio_5_60"": 0.3922, ""low_vs_ma25_pct"": -3.0783, ""close_vs_ma25_pct"": -1.8015, ""body_size"": 0.11, ""upper_shadow"": 0.07, ""lower_shadow"": 0.0, ""pullback_count_25ma"": 4, ""first_pullback_flag"": 0, ""hard_filter_pass"": 0, ""pattern_type"": ""trap\u9677\u9631"", ""score"": 0.0}"
20260916,00406A,主動中信台灣收益,442744,200946349,1878584770,9.33,9.44,9.29,9.34,0.0600,29226,"701,000",0,0,"{""upper"": 9.9, ""middle"": 9.56, ""lower"": 9.21}","{""upper"": 9.9, ""middle"": 9.56, ""lower"": 9.21}","{""upper"": 9.9, ""middle"": 9.56, ""lower"": 9.21}","{""cdp"": 9.35, ""ah"": 9.5, ""nh"": 9.41, ""nl"": 9.26, ""al"": 9.2}","{""ma5"": 9.36, ""ma10"": 9.49, ""ma20"": 9.56, ""ma25"": 9.59, ""ma60"": 9.53}",,,"{""current_price"": 9.34, ""pe_high"": 14.29, ""pe_mid_high"": 11.43, ""pe_fair"": 9.53, ""pe_mid_low"": 7.62, ""pe_low"": 5.72}",9.49,"{""line1"": 10.02, ""line2"": 9.63, ""line3"": 9.59, ""line4"": 9.4, ""line5"": 9.19}","{""pdi"": 14.09, ""mdi"": 33.56, ""adx"": 40.85}","{""k"": 18.5, ""d"": 23.06, ""j"": 9.38}","{""dif"": -0.03, ""dea"": 0.01, ""dem"": 0.01, ""osc"": -0.09, ""mac"": -0.09}","{""rsi6"": 13.64, ""rsi12"": 26.15, ""rsi24"": 46.8}","{""current"": 200946349.0, ""ma5"": 208789524.0, ""ma10"": 166915579.0, ""vol60"": 110859033.0}",701000.0,701000.0,0.0,"{""ema12"": 9.48, ""ema26"": 9.5, ""ema50"": 9.51}",75.88,0.0719,0.1864,9.45,"{""bias5"": -0.19, ""bias10"": -1.6, ""bias20"": -2.26}",120.58,-98.88,0.0,"{""k"": 18.5, ""d"": 23.06}",-0.62,1000.58,-836695010.0,33.33,991.93,-6.22,12.0,-272611551.0,64.33,9.35,-88.0,,,,,,,,,,,,,701000.0,-701000.0,701000.0,,,-2,0.6,,,,"{""ma25"": 9.59, ""ma25_slope"": -0.0024, ""vol5"": 208789524.0, ""vol60"": 110859033.0, ""vol120"": null, ""vol_ratio_5_60"": 1.8834, ""low_vs_ma25_pct"": -3.0797, ""close_vs_ma25_pct"": -2.5581, ""body_size"": 0.01, ""upper_shadow"": 0.1, ""lower_shadow"": 0.04, ""pullback_count_25ma"": 6, ""first_pullback_flag"": 0, ""hard_filter_pass"": 0, ""pattern_type"": ""\u7121"", ""score"": 0.0}"
20260916,00407A,主動凱基台灣,442745,13001499,121795196,9.30,9.47,9.30,9.36,0.0900,2543,"29,400",0,0,"{""upper"": 10.01, ""middle"": 9.62, ""lower"": 9.22}","{""upper"": 10.01, ""middle"": 9.62, ""lower"": 9.22}","{""upper"": 10.01, ""middle"": 9.62, ""lower"": 9.22}","{""cdp"": 9.37, ""ah"": 9.54, ""nh"": 9.45, ""nl"": 9.28, ""al"": 9.2}","{""ma5"": 9.4, ""ma10"": 9.57, ""ma20"": 9.62, ""ma25"": 9.65}",,,"{""current_price"": 9.84, ""pe_high"": 14.1, ""pe_mid_high"": 11.28, ""pe_fair"": 9.4, ""pe_mid_low"": 7.52, ""pe_low"": 5.64}",9.56,"{""line1"": 10.32, ""line2"": 9.98, ""line3"": 9.87, ""line4"": 9.66, ""line5"": 9.27}","{""pdi"": 10.46, ""mdi"": 36.31, ""adx"": 55.26}","{""k"": 18.08, ""d"": 25.32, ""j"": 3.59}","{""dif"": -0.02, ""dea"": 0.04, ""dem"": 0.04, ""osc"": -0.12, ""mac"": -0.12}","{""rsi6"": 16.07, ""rsi12"": 28.28, ""rsi24"": 45.25}","{""current"": 13001499.0, ""ma5"": 19631870.0, ""ma10"": 24874609.0}",29400.0,29400.0,0.0,"{""ema12"": 9.53, ""ema26"": 9.53, ""ema50"": 9.51}",107.98,0.0816,0.1739,9.5,"{""bias5"": -0.43, ""bias10"": -2.14, ""bias20"": -2.66}",102.79,-105.98,0.0,"{""k"": 18.08, ""d"": 25.32}",-0.63,932.16,546809946.0,33.33,1063.61,-6.31,12.82,175961150.0,184.49,9.37,-87.18,,,,,,,,,,,,,29400.0,-29400.0,29400.0,,,-2,0.6,,,,"{""ma25"": 9.65, ""ma25_slope"": -0.0076, ""vol5"": 19631870.0, ""vol60"": null, ""vol120"": null, ""vol_ratio_5_60"": null, ""low_vs_ma25_pct"": -3.6749, ""close_vs_ma25_pct"": -3.0534, ""body_size"": 0.06, ""upper_shadow"": 0.11, ""lower_shadow"": 0.0, ""pullback_count_25ma"": 4, ""first_pullback_flag"": 0, ""hard_filter_pass"": 0, ""pattern_type"": ""\u7121"", ""score"": 0.0}"
20260916,00408A,主動第一金優股息,442746,729804,7410502,10.15,10.21,10.10,10.16,0.0500,257,"45,000",0,0,"{""upper"": 10.68, ""middle"": 10.37, ""lower"": 10.07}","{""upper"": 10.68, ""middle"": 10.37, ""lower"": 10.07}","{""upper"": 10.68, ""middle"": 10.37, ""lower"": 10.07}","{""cdp"": 10.16, ""ah"": 10.27, ""nh"": 10.22, ""nl"": 10.11, ""al"": 10.05}","{""ma5"": 10.18, ""ma10"": 10.31, ""ma20"": 10.37, ""ma25"": 10.41}",,,,10.29,,"{""pdi"": 9.33, ""mdi"": 36.44, ""adx"": 59.22}","{""k"": 17.34, ""d"": 22.63, ""j"": 6.78}","{""dif"": 0.02, ""dea"": 0.09, ""dem"": 0.09, ""osc"": -0.14, ""mac"": -0.14}","{""rsi6"": 13.51, ""rsi12"": 25.74, ""rsi24"": 43.67}","{""current"": 729804.0, ""ma5"": 1196877.0, ""ma10"": 1560295.0}",45000.0,45000.0,0.0,"{""ema12"": 10.3, ""ema26"": 10.3}",67.44,0.0588,0.1525,10.28,"{""bias5"": -0.22, ""bias10"": -1.48, ""bias20"": -2.04}",101.94,-102.88,0.0,"{""k"": 17.34, ""d"": 22.63}",-0.49,945.66,21310820.0,25.0,1057.46,-4.6,13.56,2729559.0,124.21,10.16,-86.44,,,,,,,,,,,,,45000.0,-45000.0,45000.0,,,-4,0.33,,,,"{""ma25"": 10.41, ""ma25_slope"": -0.006, ""vol5"": 1196877.0, ""vol60"": null, ""vol120"": null, ""vol_ratio_5_60"": null, ""low_vs_ma25_pct"": -3.0114, ""close_vs_ma25_pct"": -2.4353, ""body_size"": 0.01, ""upper_shadow"": 0.05, ""lower_shadow"": 0.05, ""pullback_count_25ma"": 4, ""first_pullback_flag"": 0, ""hard_filter_pass"": 0, ""pattern_type"": ""\u7121"", ""score"": 0.0}"
20260916,00409A,主動復華全球50,442747,12815224,121287560,9.50,9.50,9.43,9.46,-0.0300,3622,"-540,000",0,0,"{""upper"": 10.38, ""middle"": 9.86, ""lower"": 9.35}","{""upper"": 10.38, ""middle"": 9.86, ""lower"": 9.35}","{""upper"": 10.38, ""middle"": 9.86, ""lower"": 9.35}","{""cdp"": 9.46, ""ah"": 9.53, ""nh"": 9.5, ""nl"": 9.43, ""al"": 9.39}","{""ma5"": 9.51, ""ma10"": 9.69}",,,,9.67,,,"{""k"": 15.52, ""d"": 27.57, ""j"": -8.58}",,"{""rsi6"": 0.0}","{""current"": 12815224.0, ""ma5"": 14440480.0, ""ma10"": 22712857.0}",-540000.0,-540000.0,0.0,"{""ema12"": 9.62}",,0.1039,0.9255,10.24,"{""bias5"": -0.57, ""bias10"": -2.41}",,75.12,0.0973,"{""k"": 15.52, ""d"": 27.57}",0.08,,-70881638.0,33.33,,0.82,98.86,261303268.0,,9.46,-16.36,,,,,,,,,,,,,-540000.0,540000.0,-540000.0,,,2,0.14,,,,"{""ma25"": null, ""ma25_slope"": null, ""vol5"": 14440480.0, ""vol60"": null, ""vol120"": null, ""vol_ratio_5_60"": null, ""low_vs_ma25_pct"": null, ""close_vs_ma25_pct"": null, ""body_size"": 0.04, ""upper_shadow"": 0.0, ""lower_shadow"": 0.03, ""pullback_count_25ma"": 0, ""first_pullback_flag"": 0, ""hard_filter_pass"": 0, ""pattern_type"": ""\u7121"", ""score"": 10.0}"
20260916,00410A,主動永豐科技趨勢,442748,4487609,52269798,11.51,11.78,11.50,11.69,0.2700,1025,"-703,000",0,0,"{""upper"": 12.63, ""middle"": 11.84, ""lower"": 11.06}","{""upper"": 12.63, ""middle"": 11.84, ""lower"": 11.06}","{""upper"": 12.63, ""middle"": 11.84, ""lower"": 11.06}","{""cdp"": 11.66, ""ah"": 11.94, ""nh"": 11.83, ""nl"": 11.55, ""al"": 11.38}","{""ma5"": 11.66, ""ma10"": 11.85, ""ma20"": 11.84, ""ma25"": 11.75}",,,,11.85,,"{""pdi"": 13.48, ""mdi"": 33.7, ""adx"": 42.86}","{""k"": 26.06, ""d"": 28.9, ""j"": 20.38}","{""dif"": 0.25, ""dea"": 0.33, ""dem"": 0.33, ""osc"": -0.16, ""mac"": -0.16}","{""rsi6"": 30.0, ""rsi12"": 31.51, ""rsi24"": 56.05}","{""current"": 4487609.0, ""ma5"": 5175473.0, ""ma10"": 6485992.0}",-703000.0,-703000.0,0.0,"{""ema12"": 11.79, ""ema26"": 11.59}",113.06,0.1327,0.402,11.74,"{""bias5"": 0.22, ""bias10"": -1.38, ""bias20"": -1.3}",123.54,-89.22,0.0,"{""k"": 26.06, ""d"": 28.9}",-0.88,927.08,73829071.0,25.0,987.31,-7.0,43.56,14873308.0,138.64,11.66,-77.31,,,,,,,,,,,,,-703000.0,703000.0,-703000.0,,,-2,0.33,,,,"{""ma25"": 11.75, ""ma25_slope"": 0.036, ""vol5"": 5175473.0, ""vol60"": null, ""vol120"": null, ""vol_ratio_5_60"": null, ""low_vs_ma25_pct"": -2.0943, ""close_vs_ma25_pct"": -0.4768, ""body_size"": 0.18, ""upper_shadow"": 0.09, ""lower_shadow"": 0.01, ""pullback_count_25ma"": 2, ""first_pullback_flag"": 0, ""hard_filter_pass"": 0, ""pattern_type"": ""\u7121"", ""score"": 20.0}"
20260916,0050,元大台灣50,442749,72446738,7726371006,106.15,107.40,106.15,106.90,0.6500,68499,"-16,246,339","2,800,000",0,"{""upper"": 110.57, ""middle"": 106.95, ""lower"": 103.34}","{""upper"": 110.57, ""middle"": 106.95, ""lower"": 103.34}","{""upper"": 110.57, ""middle"": 106.95, ""lower"": 103.34}","{""cdp"": 106.84, ""ah"": 108.09, ""nh"": 107.53, ""nl"": 106.28, ""al"": 105.59}","{""ma5"": 106.93, ""ma10"": 108.09, ""ma20"": 106.95, ""ma25"": 106.75, ""ma60"": 105.14}","{""current_price"": 106.9, ""pb_high"": 197.15, ""pb_mid_high"": 147.86, ""pb_fair"": 98.58, ""pb_mid_low"": 78.86, ""pb_low"": 49.29}",49.29,"{""current_price"": 106.9, ""pe_high"": 157.72, ""pe_mid_high"": 126.17, ""pe_fair"": 105.14, ""pe_mid_low"": 84.11, ""pe_low"": 63.09}",107.96,"{""line1"": 112.51, ""line2"": 108.69, ""line3"": 104.93, ""line4"": 103.52, ""line5"": 99.75}","{""pdi"": 28.03, ""mdi"": 26.46, ""adx"": 2.88}","{""k"": 27.76, ""d"": 40.81, ""j"": 1.68}","{""dif"": 0.8, ""dea"": 1.08, ""dem"": 1.08, ""osc"": -0.56, ""mac"": -0.56}","{""rsi6"": 16.05, ""rsi12"": 42.44, ""rsi24"": 53.56}","{""current"": 72446738.0, ""ma5"": 80445500.0, ""ma10"": 72471985.0, ""vol60"": 128340757.0, ""vol120"": 127042305.0}",-13446339.0,-16246339.0,2800000.0,"{""ema12"": 107.37, ""ema26"": 106.59, ""ema50"": 105.09}",130.11,0.0676,0.4927,107.16,"{""bias5"": -0.03, ""bias10"": -1.1, ""bias20"": -0.05}",113.26,-51.85,0.0,"{""k"": 27.76, ""d"": 40.81}",-1.55,953.5,150677585.0,25.0,1018.35,-1.43,52.17,451174787.0,105.24,106.84,-66.96,,,,,,,,,,,,,-13446339.0,13446339.0,-13446339.0,,,-1,0.4,,,,"{""ma25"": 106.75, ""ma25_slope"": 0.092, ""vol5"": 80445500.0, ""vol60"": 128340757.0, ""vol120"": 127042305.0, ""vol_ratio_5_60"": 0.6268, ""low_vs_ma25_pct"": -0.5602, ""close_vs_ma25_pct"": 0.1424, ""body_size"": 0.75, ""upper_shadow"": 0.5, ""lower_shadow"": 0.0, ""pullback_count_25ma"": 12, ""first_pullback_flag"": 0, ""hard_filter_pass"": 0, ""pattern_type"": ""trap\u9677\u9631"", ""score"": 30.0}"
20260916,0051,元大中型100,442750,41229,5874248,142.55,143.20,142.00,142.85,1.8500,463,"3,754",0,0,"{""upper"": 148.54, ""middle"": 144.56, ""lower"": 140.58}","{""upper"": 148.54, ""middle"": 144.56, ""lower"": 140.58}","{""upper"": 148.54, ""middle"": 144.56, ""lower"": 140.58}","{""cdp"": 142.72, ""ah"": 143.92, ""nh"": 143.45, ""nl"": 142.25, ""al"": 141.53}","{""ma5"": 142.98, ""ma10"": 144.69, ""ma20"": 144.56, ""ma25"": 144.49, ""ma60"": 142.43}","{""current_price"": 142.85, ""pb_high"": 270.65, ""pb_mid_high"": 202.99, ""pb_fair"": 135.32, ""pb_mid_low"": 108.26, ""pb_low"": 67.66}",67.66,"{""current_price"": 142.85, ""pe_high"": 213.65, ""pe_mid_high"": 170.92, ""pe_fair"": 142.43, ""pe_mid_low"": 113.94, ""pe_low"": 85.46}",144.92,"{""line1"": 153.61, ""line2"": 147.5, ""line3"": 141.74, ""line4"": 139.29, ""line5"": 133.68}","{""pdi"": 12.88, ""mdi"": 34.94, ""adx"": 46.13}","{""k"": 27.96, ""d"": 37.02, ""j"": 9.83}","{""dif"": 0.42, ""dea"": 1.03, ""dem"": 1.03, ""osc"": -1.22, ""mac"": -1.22}","{""rsi6"": 23.57, ""rsi12"": 36.55, ""rsi24"": 46.63}","{""current"": 41229.0, ""ma5"": 72119.0, ""ma10"": 57906.0, ""vol60"": 77370.0, ""vol120"": 93678.0}",3754.0,3754.0,0.0,"{""ema12"": 144.09, ""ema26"": 143.68, ""ema50"": 142.24}",50.33,0.055,0.2854,143.72,"{""bias5"": -0.09, ""bias10"": -1.27, ""bias20"": -1.18}",111.41,-98.5,0.0,"{""k"": 27.96, ""d"": 37.02}",-4.6,968.12,290453.0,33.33,1013.04,-3.12,35.4,-112658.0,120.17,142.72,-73.76,,,,,,,,,,,,,3754.0,-3754.0,3754.0,,,2,0.6,,,,"{""ma25"": 144.49, ""ma25_slope"": 0.006, ""vol5"": 72119.0, ""vol60"": 77370.0, ""vol120"": 93678.0, ""vol_ratio_5_60"": 0.9321, ""low_vs_ma25_pct"": -1.726, ""close_vs_ma25_pct"": -1.1378, ""body_size"": 0.3, ""upper_shadow"": 0.35, ""lower_shadow"": 0.55, ""pullback_count_25ma"": 6, ""first_pullback_flag"": 0, ""hard_filter_pass"": 0, ""pattern_type"": ""trap\u9677\u9631"", ""score"": 0.0}"
20260916,0052,富邦科技,442751,12286071,759828109,61.60,62.30,61.55,61.95,0.3500,9670,"-3,895,435","18,000",0,"{""upper"": 64.17, ""middle"": 62.18, ""lower"": 60.19}","{""upper"": 64.17, ""middle"": 62.18, ""lower"": 60.19}","{""upper"": 64.17, ""middle"": 62.18, ""lower"": 60.19}","{""cdp"": 61.94, ""ah"": 62.69, ""nh"": 62.33, ""nl"": 61.58, ""al"": 61.19}","{""ma5"": 61.99, ""ma10"": 62.73, ""ma20"": 62.18, ""ma25"": 62.09, ""ma60"": 61.36}","{""current_price"": 61.95, ""pb_high"": 115.48, ""pb_mid_high"": 86.61, ""pb_fair"": 57.74, ""pb_mid_low"": 46.19, ""pb_low"": 28.87}",28.87,"{""current_price"": 61.95, ""pe_high"": 92.04, ""pe_mid_high"": 73.63, ""pe_fair"": 61.36, ""pe_mid_low"": 49.09, ""pe_low"": 36.82}",62.82,"{""line1"": 65.63, ""line2"": 63.36, ""line3"": 61.07, ""line4"": 60.19, ""line5"": 58.02}","{""pdi"": 27.54, ""mdi"": 29.35, ""adx"": 3.18}","{""k"": 22.8, ""d"": 36.97, ""j"": -5.55}","{""dif"": 0.36, ""dea"": 0.54, ""dem"": 0.54, ""osc"": -0.35, ""mac"": -0.35}","{""rsi6"": 14.0, ""rsi12"": 41.41, ""rsi24"": 51.59}","{""current"": 12286071.0, ""ma5"": 12477725.0, ""ma10"": 13890632.0, ""vol60"": 24114436.0, ""vol120"": 33333182.0}",-3877435.0,-3895435.0,18000.0,"{""ema12"": 62.33, ""ema26"": 61.98, ""ema50"": 61.22}",143.64,0.064,0.4416,62.2,"{""bias5"": -0.06, ""bias10"": -1.25, ""bias20"": -0.37}",120.0,-59.75,0.0,"{""k"": 22.8, ""d"": 36.97}",-1.1,920.97,-10251206.0,33.33,1063.02,-1.74,47.92,45893749.0,85.77,61.94,-72.46,,,,,,,,,,,,,-3877435.0,3877435.0,-3877435.0,,,-2,0.6,,,,"{""ma25"": 62.09, ""ma25_slope"": 0.036, ""vol5"": 12477725.0, ""vol60"": 24114436.0, ""vol120"": 33333182.0, ""vol_ratio_5_60"": 0.5174, ""low_vs_ma25_pct"": -0.8665, ""close_vs_ma25_pct"": -0.2223, ""body_size"": 0.35, ""upper_shadow"": 0.35, ""lower_shadow"": 0.05, ""pullback_count_25ma"": 7, ""first_pullback_flag"": 0, ""hard_filter_pass"": 0, ""pattern_type"": ""trap\u9677\u9631"", ""score"": 20.0}"
20260916,0053,元大電子,442752,73112,17467906,237.35,239.95,237.35,239.50,2.1500,2229,"11,009",0,0,"{""upper"": 248.83, ""middle"": 241.82, ""lower"": 234.82}","{""upper"": 248.83, ""middle"": 241.82, ""lower"": 234.82}","{""upper"": 248.83, ""middle"": 241.82, ""lower"": 234.82}","{""cdp"": 239.07, ""ah"": 241.67, ""nh"": 240.8, ""nl"": 238.2, ""al"": 236.47}","{""ma5"": 239.29, ""ma10"": 242.79, ""ma20"": 241.82, ""ma25"": 241.7, ""ma60"": 237.4}","{""current_price"": 239.5, ""pb_high"": 448.05, ""pb_mid_high"": 336.04, ""pb_fair"": 224.02, ""pb_mid_low"": 179.22, ""pb_low"": 112.01}",112.01,"{""current_price"": 239.5, ""pe_high"": 356.1, ""pe_mid_high"": 284.88, ""pe_fair"": 237.4, ""pe_mid_low"": 189.92, ""pe_low"": 142.44}",241.89,"{""line1"": 257.35, ""line2"": 246.62, ""line3"": 236.91, ""line4"": 232.48, ""line5"": 222.58}","{""pdi"": 29.77, ""mdi"": 35.92, ""adx"": 9.36}","{""k"": 19.96, ""d"": 30.4, ""j"": -0.9}","{""dif"": 1.04, ""dea"": 2.03, ""dem"": 2.03, ""osc"": -1.98, ""mac"": -1.98}","{""rsi6"": 17.48, ""rsi12"": 39.07, ""rsi24"": 50.0}","{""current"": 73112.0, ""ma5"": 189360.0, ""ma10"": 123074.0, ""vol60"": 66119.0, ""vol120"": 50594.0}",11009.0,11009.0,0.0,"{""ema12"": 241.44, ""ema26"": 240.39, ""ema50"": 237.56}",73.31,0.058,0.3341,240.87,"{""bias5"": 0.09, ""bias10"": -1.36, ""bias20"": -0.96}",102.7,-74.9,0.0,"{""k"": 19.96, ""d"": 30.4}",-6.85,987.83,-470455.0,33.33,993.09,-2.78,31.69,-464073.0,58.07,239.07,-83.62,,,,,,,,,,,,,11009.0,-11009.0,11009.0,,,2,0.6,,,,"{""ma25"": 241.7, ""ma25_slope"": 0.082, ""vol5"": 189360.0, ""vol60"": 66119.0, ""vol120"": 50594.0, ""vol_ratio_5_60"": 2.8639, ""low_vs_ma25_pct"": -1.7998, ""close_vs_ma25_pct"": -0.9102, ""body_size"": 2.15, ""upper_shadow"": 0.45, ""lower_shadow"": 0.0, ""pullback_count_25ma"": 5, ""first_pullback_flag"": 0, ""hard_filter_pass"": 1, ""pattern_type"": ""\u7121"", ""score"": 60.0}"
20260916,0055,元大MSCI金融,442753,585811,29352786,49.76,50.50,49.70,50.30,0.5400,2972,"41,056",0,0,"{""upper"": 52.05, ""middle"": 47.37, ""lower"": 42.69}","{""upper"": 52.05, ""middle"": 47.37, ""lower"": 42.69}","{""upper"": 52.05, ""middle"": 47.37, ""lower"": 42.69}","{""cdp"": 50.2, ""ah"": 51.0, ""nh"": 50.7, ""nl"": 49.9, ""al"": 49.4}","{""ma5"": 50.0, ""ma10"": 49.4, ""ma20"": 47.37, ""ma25"": 46.67, ""ma60"": 44.36}","{""current_price"": 50.3, ""pb_high"": 79.21, ""pb_mid_high"": 59.4, ""pb_fair"": 39.6, ""pb_mid_low"": 31.68, ""pb_low"": 19.8}",19.8,"{""current_price"": 50.3, ""pe_high"": 66.55, ""pe_mid_high"": 53.24, ""pe_fair"": 44.36, ""pe_mid_low"": 35.49, ""pe_low"": 26.62}",48.15,"{""line1"": 48.82, ""line2"": 47.14, ""line3"": 45.73, ""line4"": 45.19, ""line5"": 42.62}","{""pdi"": 45.47, ""mdi"": 0.0, ""adx"": 100.0}","{""k"": 84.78, ""d"": 84.64, ""j"": 85.07}","{""dif"": 1.7, ""dea"": 1.53, ""dem"": 1.53, ""osc"": 0.35, ""mac"": 0.35}","{""rsi6"": 80.92, ""rsi12"": 76.81, ""rsi24"": 75.97}","{""current"": 585811.0, ""ma5"": 864939.0, ""ma10"": 819837.0, ""vol60"": 541787.0, ""vol120"": 541635.0}",41056.0,41056.0,0.0,"{""ema12"": 48.91, ""ema26"": 47.22, ""ema50"": 45.14}",109.89,0.1975,0.8134,48.95,"{""bias5"": 0.61, ""bias10"": 1.82, ""bias20"": 6.19}",169.55,102.21,0.0,"{""k"": 84.78, ""d"": 84.64}",3.7,883.7,5061679.0,66.67,999.1,7.94,95.37,4315227.0,193.15,50.2,-6.31,,,,,,,,,,,,,41056.0,-41056.0,41056.0,,,10,1.67,,,,"{""ma25"": 46.67, ""ma25_slope"": 0.2608, ""vol5"": 864939.0, ""vol60"": 541787.0, ""vol120"": 541635.0, ""vol_ratio_5_60"": 1.5965, ""low_vs_ma25_pct"": 6.4833, ""close_vs_ma25_pct"": 7.7688, ""body_size"": 0.54, ""upper_shadow"": 0.2, ""lower_shadow"": 0.06, ""pullback_count_25ma"": 14, ""first_pullback_flag"": 0, ""hard_filter_pass"": 1, ""pattern_type"": ""\u7121"", ""score"": 50.0}"
20260916,0056,元大高股息,442754,17447308,966585483,55.00,55.65,55.00,55.55,0.5500,16790,"-609,329","1,800,000",0,"{""upper"": 57.02, ""middle"": 54.59, ""lower"": 52.15}","{""upper"": 57.02, ""middle"": 54.59, ""lower"": 52.15}","{""upper"": 57.02, ""middle"": 54.59, ""lower"": 52.15}","{""cdp"": 55.44, ""ah"": 56.09, ""nh"": 55.88, ""nl"": 55.23, ""al"": 54.79}","{""ma5"": 55.36, ""ma10"": 55.52, ""ma20"": 54.59, ""ma25"": 54.26, ""ma60"": 52.57}","{""current_price"": 55.55, ""pb_high"": 96.99, ""pb_mid_high"": 72.74, ""pb_fair"": 48.5, ""pb_mid_low"": 38.8, ""pb_low"": 24.25}",24.25,"{""current_price"": 55.55, ""pe_high"": 78.86, ""pe_mid_high"": 63.09, ""pe_fair"": 52.57, ""pe_mid_low"": 42.06, ""pe_low"": 31.54}",54.57,"{""line1"": 57.38, ""line2"": 55.04, ""line3"": 52.95, ""line4"": 52.35, ""line5"": 49.84}","{""pdi"": 21.15, ""mdi"": 15.38, ""adx"": 15.79}","{""k"": 60.64, ""d"": 64.32, ""j"": 53.28}","{""dif"": 0.93, ""dea"": 1.0, ""dem"": 1.0, ""osc"": -0.14, ""mac"": -0.14}","{""rsi6"": 43.33, ""rsi12"": 59.21, ""rsi24"": 65.92}","{""current"": 17447308.0, ""ma5"": 20746634.0, ""ma10"": 19879834.0, ""vol60"": 47938807.0, ""vol120"": 59204232.0}",1190671.0,-609329.0,1800000.0,"{""ema12"": 55.18, ""ema26"": 54.25, ""ema50"": 52.9}",131.82,0.0894,0.6978,55.13,"{""bias5"": 0.34, ""bias10"": 0.05, ""bias20"": 1.77}",144.58,29.79,0.0,"{""k"": 60.64, ""d"": 64.32}",0.7,926.03,287325159.0,41.67,1000.18,1.28,88.04,135661228.0,177.79,55.44,-21.15,,,,,,,,,,,,,1190671.0,-1190671.0,1190671.0,,,5,0.75,,,,"{""ma25"": 54.26, ""ma25_slope"": 0.13, ""vol5"": 20746634.0, ""vol60"": 47938807.0, ""vol120"": 59204232.0, ""vol_ratio_5_60"": 0.4328, ""low_vs_ma25_pct"": 1.3638, ""close_vs_ma25_pct"": 2.3774, ""body_size"": 0.55, ""upper_shadow"": 0.1, ""lower_shadow"": 0.0, ""pullback_count_25ma"": 2, ""first_pullback_flag"": 0, ""hard_filter_pass"": 0, ""pattern_type"": ""trap\u9677\u9631"", ""score"": 10.0}"
20260916,0057,富邦摩台,442755,26098,8331527,317.05,320.80,317.05,319.70,2.2000,1167,0,0,0,"{""upper"": 329.66, ""middle"": 319.42, ""lower"": 309.18}","{""upper"": 329.66, ""middle"": 319.42, ""lower"": 309.18}","{""upper"": 329.66, ""middle"": 319.42, ""lower"": 309.18}","{""cdp"": 319.31, ""ah"": 323.06, ""nh"": 321.57, ""nl"": 317.82, ""al"": 315.56}","{""ma5"": 319.3, ""ma10"": 322.56, ""ma20"": 319.42, ""ma25"": 318.86, ""ma60"": 313.19}","{""current_price"": 319.7, ""pb_high"": 586.67, ""pb_mid_high"": 440.0, ""pb_fair"": 293.33, ""pb_mid_low"": 234.67, ""pb_low"": 146.67}",146.67,"{""current_price"": 319.7, ""pe_high"": 469.78, ""pe_mid_high"": 375.83, ""pe_fair"": 313.19, ""pe_mid_low"": 250.55, ""pe_low"": 187.91}",321.29,"{""line1"": 335.07, ""line2"": 324.17, ""line3"": 313.38, ""line4"": 309.1, ""line5"": 297.72}","{""pdi"": 31.84, ""mdi"": 34.29, ""adx"": 3.71}","{""k"": 28.94, ""d"": 39.91, ""j"": 6.99}","{""dif"": 2.48, ""dea"": 3.3, ""dem"": 3.3, ""osc"": -1.66, ""mac"": -1.66}","{""rsi6"": 17.46, ""rsi12"": 44.67, ""rsi24"": 54.34}","{""current"": 26098.0, ""ma5"": 20588.0, ""ma10"": 22906.0, ""vol60"": 23879.0, ""vol120"": 31415.0}",0.0,0.0,0.0,"{""ema12"": 320.64, ""ema26"": 318.19, ""ema50"": 313.43}",154.17,0.0641,0.5137,320.04,"{""bias5"": 0.13, ""bias10"": -0.89, ""bias20"": 0.09}",128.22,-47.99,0.0,"{""k"": 28.94, ""d"": 39.91}",-2.95,1035.06,81650.0,41.67,939.68,-0.91,51.63,77365.0,142.15,319.31,-71.25,,,,,,,,,,,,,0.0,0.0,0.0,,,2,1.0,,,,"{""ma25"": 318.86, ""ma25_slope"": 0.264, ""vol5"": 20588.0, ""vol60"": 23879.0, ""vol120"": 31415.0, ""vol_ratio_5_60"": 0.8622, ""low_vs_ma25_pct"": -0.5664, ""close_vs_ma25_pct"": 0.2647, ""body_size"": 2.65, ""upper_shadow"": 1.1, ""lower_shadow"": 0.0, ""pullback_count_25ma"": 8, ""first_pullback_flag"": 0, ""hard_filter_pass"": 0, ""pattern_type"": ""trap\u9677\u9631"", ""score"": 30.0}"
20260916,0061,元大寶滬深,442756,106113,2517648,23.88,23.88,23.61,23.80,-0.1100,199,"63,000",0,0,"{""upper"": 24.61, ""middle"": 24.17, ""lower"": 23.73}","{""upper"": 24.61, ""middle"": 24.17, ""lower"": 23.73}","{""upper"": 24.61, ""middle"": 24.17, ""lower"": 23.73}","{""cdp"": 23.77, ""ah"": 24.04, ""nh"": 23.94, ""nl"": 23.67, ""al"": 23.5}","{""ma5"": 23.88, ""ma10"": 24.02, ""ma20"": 24.17, ""ma25"": 24.33, ""ma60"": 24.72}","{""current_price"": 23.8, ""pb_high"": 49.09, ""pb_mid_high"": 36.82, ""pb_fair"": 24.55, ""pb_mid_low"": 19.64, ""pb_low"": 12.27}",12.27,"{""current_price"": 23.8, ""pe_high"": 37.08, ""pe_mid_high"": 29.67, ""pe_fair"": 24.72, ""pe_mid_low"": 19.78, ""pe_low"": 14.83}",24.04,"{""line1"": 25.55, ""line2"": 25.04, ""line3"": 24.46, ""line4"": 23.74, ""line5"": 23.35}","{""pdi"": 7.02, ""mdi"": 30.34, ""adx"": 62.41}","{""k"": 25.7, ""d"": 26.53, ""j"": 24.03}","{""dif"": -0.23, ""dea"": -0.2, ""dem"": -0.2, ""osc"": -0.06, ""mac"": -0.06}","{""rsi6"": 9.09, ""rsi12"": 25.19, ""rsi24"": 33.42}","{""current"": 106113.0, ""ma5"": 85275.0, ""ma10"": 88875.0, ""vol60"": 219756.0, ""vol120"": 265606.0}",63000.0,63000.0,0.0,"{""ema12"": 24.04, ""ema26"": 24.26, ""ema50"": 24.47}",85.04,0.0363,0.0752,24.02,"{""bias5"": -0.32, ""bias10"": -0.93, ""bias20"": -1.54}",47.69,-122.35,0.0,"{""k"": 25.7, ""d"": 26.53}",-0.67,1059.62,-56335.0,16.67,988.94,-2.74,15.83,-405625.0,103.33,23.77,-77.91,,,,,,,,,,,,,63000.0,-63000.0,63000.0,,,-7,0.17,,,,"{""ma25"": 24.33, ""ma25_slope"": -0.048, ""vol5"": 85275.0, ""vol60"": 219756.0, ""vol120"": 265606.0, ""vol_ratio_5_60"": 0.388, ""low_vs_ma25_pct"": -2.9593, ""close_vs_ma25_pct"": -2.1784, ""body_size"": 0.08, ""upper_shadow"": 0.0, ""lower_shadow"": 0.19, ""pullback_count_25ma"": 7, ""first_pullback_flag"": 0, ""hard_filter_pass"": 0, ""pattern_type"": ""trap\u9677\u9631"", ""score"": 0.0}"
20260916,006203,元大MSCI台灣,442757,3130,605908,194.65,194.65,194.65,194.65,1.7000,170,0,0,0,"{""upper"": 201.33, ""middle"": 194.83, ""lower"": 188.32}","{""upper"": 201.33, ""middle"": 194.83, ""lower"": 188.32}","{""upper"": 201.33, ""middle"": 194.83, ""lower"": 188.32}","{""cdp"": 194.65, ""ah"": 194.65, ""nh"": 194.65, ""nl"": 194.65, ""al"": 194.65}","{""ma5"": 194.62, ""ma10"": 196.78, ""ma20"": 194.83, ""ma25"": 194.33, ""ma60"": 191.16}","{""current_price"": 194.65, ""pb_high"": 358.66, ""pb_mid_high"": 269.0, ""pb_fair"": 179.33, ""pb_mid_low"": 143.46, ""pb_low"": 89.66}",89.66,"{""current_price"": 194.65, ""pe_high"": 286.74, ""pe_mid_high"": 229.39, ""pe_fair"": 191.16, ""pe_mid_low"": 152.93, ""pe_low"": 114.69}",196.16,"{""line1"": 205.04, ""line2"": 197.84, ""line3"": 190.75, ""line4"": 188.31, ""line5"": 181.18}","{""pdi"": 28.5, ""mdi"": 32.61, ""adx"": 6.72}","{""k"": 33.83, ""d"": 45.71, ""j"": 10.08}","{""dif"": 1.55, ""dea"": 2.1, ""dem"": 2.1, ""osc"": -1.11, ""mac"": -1.11}","{""rsi6"": 19.65, ""rsi12"": 42.75, ""rsi24"": 54.45}","{""current"": 3130.0, ""ma5"": 15129.0, ""ma10"": 15372.0, ""vol60"": 22992.0, ""vol120"": 23317.0}",0.0,0.0,0.0,"{""ema12"": 195.5, ""ema26"": 193.99, ""ema50"": 191.16}",74.04,0.0668,0.4864,195.09,"{""bias5"": 0.02, ""bias10"": -1.08, ""bias20"": -0.09}",118.6,-41.16,0.0,"{""k"": 33.83, ""d"": 45.71}",-2.85,1017.77,-72451.0,33.33,948.47,-1.44,53.47,126936.0,53.91,194.65,-64.42,,,,,,,,,,,,,0.0,0.0,0.0,,,0,0.6,,,,"{""ma25"": 194.33, ""ma25_slope"": 0.2, ""vol5"": 15129.0, ""vol60"": 22992.0, ""vol120"": 23317.0, ""vol_ratio_5_60"": 0.658, ""low_vs_ma25_pct"": 0.1626, ""close_vs_ma25_pct"": 0.1626, ""body_size"": 0.0, ""upper_shadow"": 0.0, ""lower_shadow"": 0.0, ""pullback_count_25ma"": 7, ""first_pullback_flag"": 0, ""hard_filter_pass"": 0, ""pattern_type"": ""trap\u9677\u9631"", ""score"": 30.0}"
20260916,006204,永豐臺灣加權,442758,25073,5753934,229.60,230.35,228.25,228.80,0.8000,106,0,0,0,"{""upper"": 237.85, ""middle"": 230.31, ""lower"": 222.76}","{""upper"": 237.85, ""middle"": 230.31, ""lower"": 222.76}","{""upper"": 237.85, ""middle"": 230.31, ""lower"": 222.76}","{""cdp"": 229.05, ""ah"": 231.15, ""nh"": 229.85, ""nl"": 227.75, ""al"": 226.95}","{""ma5"": 229.57, ""ma10"": 232.23, ""ma20"": 230.31, ""ma25"": 229.88, ""ma60"": 226.08}","{""current_price"": 228.8, ""pb_high"": 426.54, ""pb_mid_high"": 319.91, ""pb_fair"": 213.27, ""pb_mid_low"": 170.62, ""pb_low"": 106.64}",106.64,"{""current_price"": 228.8, ""pe_high"": 339.12, ""pe_mid_high"": 271.3, ""pe_fair"": 226.08, ""pe_mid_low"": 180.86, ""pe_low"": 135.65}",232.06,"{""line1"": 243.15, ""line2"": 234.15, ""line3"": 225.5, ""line4"": 222.42, ""line5"": 213.81}","{""pdi"": 35.61, ""mdi"": 36.56, ""adx"": 1.32}","{""k"": 20.69, ""d"": 37.76, ""j"": -13.46}","{""dif"": 1.53, ""dea"": 2.35, ""dem"": 2.35, ""osc"": -1.64, ""mac"": -1.64}","{""rsi6"": 9.88, ""rsi12"": 35.47, ""rsi24"": 52.75}","{""current"": 25073.0, ""ma5"": 28463.0, ""ma10"": 21865.0, ""vol60"": 23374.0, ""vol120"": 23933.0}",0.0,0.0,0.0,"{""ema12"": 230.72, ""ema26"": 229.19, ""ema50"": 226.13}",219.61,0.0655,0.4001,230.23,"{""bias5"": -0.34, ""bias10"": -1.48, ""bias20"": -0.65}",111.64,-73.37,0.0,"{""k"": 20.69, ""d"": 37.76}",-5.2,982.07,193277.0,25.0,989.11,-2.22,43.46,-52722.0,156.41,229.05,-83.33,,,,,,,,,,,,,0.0,0.0,0.0,,,-1,0.33,,,,"{""ma25"": 229.88, ""ma25_slope"": 0.144, ""vol5"": 28463.0, ""vol60"": 23374.0, ""vol120"": 23933.0, ""vol_ratio_5_60"": 1.2177, ""low_vs_ma25_pct"": -0.7099, ""close_vs_ma25_pct"": -0.4707, ""body_size"": 0.8, ""upper_shadow"": 0.75, ""lower_shadow"": 0.55, ""pullback_count_25ma"": 6, ""first_pullback_flag"": 0, ""hard_filter_pass"": 1, ""pattern_type"": ""\u5efa\u5009"", ""score"": 60.0}"
20260916,006205,富邦上証,442759,167089,6650960,39.91,40.01,39.61,39.75,-0.1200,227,"1,000",0,0,"{""upper"": 41.03, ""middle"": 40.29, ""lower"": 39.55}","{""upper"": 41.03, ""middle"": 40.29, ""lower"": 39.55}","{""upper"": 41.03, ""middle"": 40.29, ""lower"": 39.55}","{""cdp"": 39.78, ""ah"": 40.18, ""nh"": 39.95, ""nl"": 39.55, ""al"": 39.38}","{""ma5"": 39.77, ""ma10"": 40.04, ""ma20"": 40.29, ""ma25"": 40.49, ""ma60"": 40.92}","{""current_price"": 39.75, ""pb_high"": 81.39, ""pb_mid_high"": 61.04, ""pb_fair"": 40.7, ""pb_mid_low"": 32.56, ""pb_low"": 20.35}",20.35,"{""current_price"": 39.75, ""pe_high"": 61.38, ""pe_mid_high"": 49.1, ""pe_fair"": 40.92, ""pe_mid_low"": 32.73, ""pe_low"": 24.55}",39.43,"{""line1"": 42.08, ""line2"": 41.45, ""line3"": 40.71, ""line4"": 39.66, ""line5"": 39.05}","{""pdi"": 13.53, ""mdi"": 36.73, ""adx"": 46.15}","{""k"": 20.68, ""d"": 21.84, ""j"": 18.35}","{""dif"": -0.32, ""dea"": -0.26, ""dem"": -0.26, ""osc"": -0.12, ""mac"": -0.12}","{""rsi6"": 25.58, ""rsi12"": 24.31, ""rsi24"": 34.31}","{""current"": 167089.0, ""ma5"": 152171.0, ""ma10"": 208416.0, ""vol60"": 470063.0, ""vol120"": 542849.0}",1000.0,1000.0,0.0,"{""ema12"": 40.07, ""ema26"": 40.39, ""ema50"": 40.63}",67.26,0.0368,0.1343,40.05,"{""bias5"": -0.05, ""bias10"": -0.71, ""bias20"": -1.35}",75.28,-90.64,0.0,"{""k"": 20.68, ""d"": 21.84}",-1.12,1030.16,-1129559.0,33.33,1011.51,-2.74,19.19,-419978.0,43.19,39.78,-80.36,,,,,,,,,,,,,1000.0,-1000.0,1000.0,,,-2,0.75,,,,"{""ma25"": 40.49, ""ma25_slope"": -0.0836, ""vol5"": 152171.0, ""vol60"": 470063.0, ""vol120"": 542849.0, ""vol_ratio_5_60"": 0.3237, ""low_vs_ma25_pct"": -2.1714, ""close_vs_ma25_pct"": -1.8257, ""body_size"": 0.16, ""upper_shadow"": 0.1, ""lower_shadow"": 0.14, ""pullback_count_25ma"": 8, ""first_pullback_flag"": 0, ""hard_filter_pass"": 0, ""pattern_type"": ""trap\u9677\u9631"", ""score"": 0.0}"
20260916,006206,元大上證50,442760,13648,510088,37.24,37.49,37.11,37.21,-0.0300,209,"-1,000",0,0,"{""upper"": 38.14, ""middle"": 37.52, ""lower"": 36.91}","{""upper"": 38.14, ""middle"": 37.52, ""lower"": 36.91}","{""upper"": 38.14, ""middle"": 37.52, ""lower"": 36.91}","{""cdp"": 37.25, ""ah"": 37.63, ""nh"": 37.4, ""nl"": 37.02, ""al"": 36.87}","{""ma5"": 37.18, ""ma10"": 37.38, ""ma20"": 37.52, ""ma25"": 37.65, ""ma60"": 37.86}","{""current_price"": 37.21, ""pb_high"": 74.61, ""pb_mid_high"": 55.96, ""pb_fair"": 37.31, ""pb_mid_low"": 29.84, ""pb_low"": 18.65}",18.65,"{""current_price"": 37.21, ""pe_high"": 56.79, ""pe_mid_high"": 45.43, ""pe_fair"": 37.86, ""pe_mid_low"": 30.29, ""pe_low"": 22.71}",36.74,"{""line1"": 38.6, ""line2"": 38.38, ""line3"": 37.85, ""line4"": 37.06, ""line5"": 36.58}","{""pdi"": 15.62, ""mdi"": 24.96, ""adx"": 23.02}","{""k"": 28.2, ""d"": 26.4, ""j"": 31.8}","{""dif"": -0.2, ""dea"": -0.16, ""dem"": -0.16, ""osc"": -0.09, ""mac"": -0.09}","{""rsi6"": 36.54, ""rsi12"": 29.0, ""rsi24"": 37.91}","{""current"": 13648.0, ""ma5"": 19514.0, ""ma10"": 32045.0, ""vol60"": 65313.0, ""vol120"": 79906.0}",-1000.0,-1000.0,0.0,"{""ema12"": 37.4, ""ema26"": 37.6, ""ema50"": 37.65}",60.24,0.0326,0.2428,37.37,"{""bias5"": 0.08, ""bias10"": -0.45, ""bias20"": -0.84}",107.84,-64.19,0.0,"{""k"": 28.2, ""d"": 26.4}",-0.84,1003.51,297940.0,33.33,1025.7,-2.21,26.2,71380.0,133.96,37.25,-70.48,,,,,,,,,,,,,-1000.0,1000.0,-1000.0,,,0,0.6,,,,"{""ma25"": 37.65, ""ma25_slope"": -0.0556, ""vol5"": 19514.0, ""vol60"": 65313.0, ""vol120"": 79906.0, ""vol_ratio_5_60"": 0.2988, ""low_vs_ma25_pct"": -1.4238, ""close_vs_ma25_pct"": -1.1582, ""body_size"": 0.03, ""upper_shadow"": 0.25, ""lower_shadow"": 0.1, ""pullback_count_25ma"": 11, ""first_pullback_flag"": 0, ""hard_filter_pass"": 0, ""pattern_type"": ""trap\u9677\u9631"", ""score"": 0.0}"
20260916,006207,復華滬深,442761,111764,3541843,31.66,31.76,31.50,31.70,-0.0300,122,0,0,0,"{""upper"": 32.66, ""middle"": 32.09, ""lower"": 31.53}","{""upper"": 32.66, ""middle"": 32.09, ""lower"": 31.53}","{""upper"": 32.66, ""middle"": 32.09, ""lower"": 31.53}","{""cdp"": 31.66, ""ah"": 31.93, ""nh"": 31.83, ""nl"": 31.57, ""al"": 31.4}","{""ma5"": 31.71, ""ma10"": 31.89, ""ma20"": 32.09, ""ma25"": 32.32, ""ma60"": 32.93}","{""current_price"": 31.7, ""pb_high"": 65.61, ""pb_mid_high"": 49.21, ""pb_fair"": 32.81, ""pb_mid_low"": 26.25, ""pb_low"": 16.4}",16.4,"{""current_price"": 31.7, ""pe_high"": 49.39, ""pe_mid_high"": 39.51, ""pe_fair"": 32.93, ""pe_mid_low"": 26.34, ""pe_low"": 19.76}",31.91,"{""line1"": 34.12, ""line2"": 33.36, ""line3"": 32.51, ""line4"": 31.5, ""line5"": 30.94}","{""pdi"": 13.28, ""mdi"": 38.02, ""adx"": 48.22}","{""k"": 21.77, ""d"": 20.82, ""j"": 23.66}","{""dif"": -0.31, ""dea"": -0.29, ""dem"": -0.29, ""osc"": -0.04, ""mac"": -0.04}","{""rsi6"": 30.0, ""rsi12"": 28.31, ""rsi24"": 35.63}","{""current"": 111764.0, ""ma5"": 150160.0, ""ma10"": 152998.0, ""vol60"": 291265.0, ""vol120"": 290501.0}",0.0,0.0,0.0,"{""ema12"": 31.93, ""ema26"": 32.24, ""ema50"": 32.57}",66.3,0.0355,0.1532,31.92,"{""bias5"": -0.04, ""bias10"": -0.6, ""bias20"": -1.23}",64.91,-111.31,0.0,"{""k"": 21.77, ""d"": 20.82}",-0.72,1095.1,-1131437.0,33.33,958.39,-2.22,12.5,-862487.0,56.98,31.66,-78.26,,,,,,,,,,,,,0.0,0.0,0.0,,,-4,0.6,,,,"{""ma25"": 32.32, ""ma25_slope"": -0.0708, ""vol5"": 150160.0, ""vol60"": 291265.0, ""vol120"": 290501.0, ""vol_ratio_5_60"": 0.5155, ""low_vs_ma25_pct"": -2.5251, ""close_vs_ma25_pct"": -1.9062, ""body_size"": 0.04, ""upper_shadow"": 0.06, ""lower_shadow"": 0.16, ""pullback_count_25ma"": 6, ""first_pullback_flag"": 0, ""hard_filter_pass"": 0, ""pattern_type"": ""trap\u9677\u9631"", ""score"": 0.0}"
20260916,006208,富邦台50,442762,2095492,512679307,243.50,246.20,243.25,244.60,1.1000,8571,"-429,722",0,0,"{""upper"": 252.63, ""middle"": 244.89, ""lower"": 237.16}","{""upper"": 252.63, ""middle"": 244.89, ""lower"": 237.16}","{""upper"": 252.63, ""middle"": 244.89, ""lower"": 237.16}","{""cdp"": 244.66, ""ah"": 247.61, ""nh"": 246.07, ""nl"": 243.12, ""al"": 241.71}","{""ma5"": 244.69, ""ma10"": 247.22, ""ma20"": 244.89, ""ma25"": 244.45, ""ma60"": 241.52}","{""current_price"": 244.6, ""pb_high"": 454.69, ""pb_mid_high"": 341.02, ""pb_fair"": 227.35, ""pb_mid_low"": 181.88, ""pb_low"": 113.67}",113.67,"{""current_price"": 244.6, ""pe_high"": 362.28, ""pe_mid_high"": 289.82, ""pe_fair"": 241.52, ""pe_mid_low"": 193.22, ""pe_low"": 144.91}",246.66,"{""line1"": 258.72, ""line2"": 249.41, ""line3"": 240.22, ""line4"": 237.02, ""line5"": 228.39}","{""pdi"": 26.84, ""mdi"": 26.05, ""adx"": 1.48}","{""k"": 27.38, ""d"": 39.89, ""j"": 2.36}","{""dif"": 1.67, ""dea"": 2.29, ""dem"": 2.29, ""osc"": -1.23, ""mac"": -1.23}","{""rsi6"": 13.92, ""rsi12"": 41.53, ""rsi24"": 53.51}","{""current"": 2095492.0, ""ma5"": 2197035.0, ""ma10"": 2230286.0, ""vol60"": 3654845.0, ""vol120"": 4373733.0}",-429722.0,-429722.0,0.0,"{""ema12"": 245.72, ""ema26"": 244.1, ""ema50"": 241.07}",125.0,0.0632,0.4811,245.28,"{""bias5"": -0.04, ""bias10"": -1.06, ""bias20"": -0.12}",118.0,-51.84,0.0,"{""k"": 27.38, ""d"": 39.89}",-3.75,962.06,7791574.0,33.33,1012.45,-1.51,52.19,10870877.0,123.9,244.66,-68.09,,,,,,,,,,,,,-429722.0,429722.0,-429722.0,,,0,0.6,,,,"{""ma25"": 244.45, ""ma25_slope"": 0.228, ""vol5"": 2197035.0, ""vol60"": 3654845.0, ""vol120"": 4373733.0, ""vol_ratio_5_60"": 0.6011, ""low_vs_ma25_pct"": -0.4925, ""close_vs_ma25_pct"": 0.0597, ""body_size"": 1.1, ""upper_shadow"": 1.6, ""lower_shadow"": 0.25, ""pullback_count_25ma"": 9, ""first_pullback_flag"": 0, ""hard_filter_pass"": 0, ""pattern_type"": ""trap\u9677\u9631"", ""score"": 30.0}"
20260916,00625K,富邦上証+R,442763,10000,83300,8.33,8.33,8.33,8.33,0.0000,1,,,,,,,,,,,,,,,,,,,,,,,,,,,,,,,,,,,,,,,,,,,,,,,,,,,,,,,,,,,,,,,,,
20260916,00631L,元大台灣50正2,442764,99378742,3525974099,35.25,35.84,35.18,35.56,0.4700,27738,"3,305,858",0,0,"{""upper"": 38.1, ""middle"": 35.98, ""lower"": 33.86}","{""upper"": 38.1, ""middle"": 35.98, ""lower"": 33.86}","{""upper"": 38.1, ""middle"": 35.98, ""lower"": 33.86}","{""cdp"": 35.54, ""ah"": 36.2, ""nh"": 35.89, ""nl"": 35.23, ""al"": 34.88}","{""ma5"": 35.52, ""ma10"": 36.42, ""ma20"": 35.98, ""ma25"": 35.91, ""ma60"": 35.56}","{""current_price"": 35.56, ""pb_high"": 109.98, ""pb_mid_high"": 82.49, ""pb_fair"": 54.99, ""pb_mid_low"": 43.99, ""pb_low"": 27.5}",27.5,"{""current_price"": 35.56, ""pe_high"": 53.33, ""pe_mid_high"": 42.67, ""pe_fair"": 35.56, ""pe_mid_low"": 28.44, ""pe_low"": 21.33}",36.23,"{""line1"": 40.0, ""line2"": 37.42, ""line3"": 34.86, ""line4"": 33.99, ""line5"": 31.82}","{""pdi"": 25.02, ""mdi"": 30.53, ""adx"": 9.93}","{""k"": 25.38, ""d"": 36.94, ""j"": 2.26}","{""dif"": 0.17, ""dea"": 0.33, ""dem"": 0.33, ""osc"": -0.32, ""mac"": -0.32}","{""rsi6"": 16.1, ""rsi12"": 38.82, ""rsi24"": 50.32}","{""current"": 99378742.0, ""ma5"": 148201269.0, ""ma10"": 152775249.0, ""vol60"": 260287508.0, ""vol120"": 239873049.0}",3305858.0,3305858.0,0.0,"{""ema12"": 36.01, ""ema26"": 35.78, ""ema50"": 35.29}",100.58,0.1179,0.4017,35.86,"{""bias5"": 0.12, ""bias10"": -2.37, ""bias20"": -1.16}",111.47,-66.32,0.0,"{""k"": 25.38, ""d"": 36.94}",-1.7,896.6,467210396.0,33.33,1071.1,-4.56,43.33,426057882.0,111.14,35.54,-79.07,,,,,,,,,,,,,3305858.0,-3305858.0,3305858.0,,,0,0.6,,,,"{""ma25"": 35.91, ""ma25_slope"": 0.0276, ""vol5"": 148201269.0, ""vol60"": 260287508.0, ""vol120"": 239873049.0, ""vol_ratio_5_60"": 0.5694, ""low_vs_ma25_pct"": -2.0307, ""close_vs_ma25_pct"": -0.9725, ""body_size"": 0.31, ""upper_shadow"": 0.28, ""lower_shadow"": 0.07, ""pullback_count_25ma"": 5, ""first_pullback_flag"": 0, ""hard_filter_pass"": 0, ""pattern_type"": ""trap\u9677\u9631"", ""score"": 20.0}"
20260916,00632R,元大台灣50反1,442765,85375001,850246324,10.01,10.02,9.90,9.95,-0.0800,7979,"-1,212,000",0,0,"{""upper"": 10.26, ""middle"": 9.92, ""lower"": 9.59}","{""upper"": 10.26, ""middle"": 9.92, ""lower"": 9.59}","{""upper"": 10.26, ""middle"": 9.92, ""lower"": 9.59}","{""cdp"": 9.96, ""ah"": 10.07, ""nh"": 10.01, ""nl"": 9.89, ""al"": 9.84}","{""ma5"": 9.96, ""ma10"": 9.84, ""ma20"": 9.92, ""ma25"": 9.94, ""ma60"": 10.18}","{""current_price"": 9.95, ""pb_high"": 22.07, ""pb_mid_high"": 16.55, ""pb_fair"": 11.03, ""pb_mid_low"": 8.83, ""pb_low"": 5.52}",5.52,"{""current_price"": 9.95, ""pe_high"": 15.27, ""pe_mid_high"": 12.22, ""pe_fair"": 10.18, ""pe_mid_low"": 8.15, ""pe_low"": 6.11}",9.86,"{""line1"": 11.07, ""line2"": 10.63, ""line3"": 10.15, ""line4"": 9.46, ""line5"": 9.03}","{""pdi"": 28.25, ""mdi"": 23.32, ""adx"": 9.57}","{""k"": 69.45, ""d"": 58.66, ""j"": 91.02}","{""dif"": -0.08, ""dea"": -0.12, ""dem"": -0.12, ""osc"": 0.07, ""mac"": 0.07}","{""rsi6"": 80.49, ""rsi12"": 60.0, ""rsi24"": 47.72}","{""current"": 85375001.0, ""ma5"": 124369814.0, ""ma10"": 114262464.0, ""vol60"": 178466080.0, ""vol120"": 160558905.0}",-1212000.0,-1212000.0,0.0,"{""ema12"": 9.9, ""ema26"": 9.98, ""ema50"": 10.17}",84.88,0.0671,0.5413,9.92,"{""bias5"": -0.12, ""bias10"": 1.13, ""bias20"": 0.28}",89.47,59.1,0.0,"{""k"": 69.45, ""d"": 58.66}",0.22,1077.84,-302705869.0,58.33,960.41,2.26,48.61,-692774596.0,93.23,9.96,-27.08,,,,,,,,,,,,,-1212000.0,1212000.0,-1212000.0,,,1,2.5,,,,"{""ma25"": 9.94, ""ma25_slope"": -0.0084, ""vol5"": 124369814.0, ""vol60"": 178466080.0, ""vol120"": 160558905.0, ""vol_ratio_5_60"": 0.6969, ""low_vs_ma25_pct"": -0.4305, ""close_vs_ma25_pct"": 0.0724, ""body_size"": 0.06, ""upper_shadow"": 0.01, ""lower_shadow"": 0.05, ""pullback_count_25ma"": 7, ""first_pullback_flag"": 0, ""hard_filter_pass"": 0, ""pattern_type"": ""trap\u9677\u9631"", ""score"": 30.0}"
20260916,00633L,富邦上証正2,442766,4623770,213991850,46.38,46.85,45.71,46.37,-0.2000,900,"-83,000",0,0,"{""upper"": 49.67, ""middle"": 47.96, ""lower"": 46.25}","{""upper"": 49.67, ""middle"": 47.96, ""lower"": 46.25}","{""upper"": 49.67, ""middle"": 47.96, ""lower"": 46.25}","{""cdp"": 46.33, ""ah"": 47.47, ""nh"": 46.94, ""nl"": 45.8, ""al"": 45.19}","{""ma5"": 46.7, ""ma10"": 47.48, ""ma20"": 47.96, ""ma25"": 48.47, ""ma60"": 49.49}","{""current_price"": 46.37, ""pb_high"": 100.13, ""pb_mid_high"": 75.1, ""pb_fair"": 50.07, ""pb_mid_low"": 40.05, ""pb_low"": 25.03}",25.03,"{""current_price"": 46.37, ""pe_high"": 74.24, ""pe_mid_high"": 59.39, ""pe_fair"": 49.49, ""pe_mid_low"": 39.59, ""pe_low"": 29.69}",47.56,"{""line1"": 52.41, ""line2"": 50.4, ""line3"": 48.71, ""line4"": 46.63, ""line5"": 45.39}","{""pdi"": 10.31, ""mdi"": 32.18, ""adx"": 51.49}","{""k"": 18.12, ""d"": 20.72, ""j"": 12.92}","{""dif"": -0.78, ""dea"": -0.6, ""dem"": -0.6, ""osc"": -0.35, ""mac"": -0.35}","{""rsi6"": 0.0, ""rsi12"": 23.02, ""rsi24"": 38.25}","{""current"": 4623770.0, ""ma5"": 3304971.0, ""ma10"": 2325172.0, ""vol60"": 3008764.0, ""vol120"": 3227309.0}",-83000.0,-83000.0,0.0,"{""ema12"": 47.43, ""ema26"": 48.11, ""ema50"": 49.0}",72.92,0.0712,0.034,47.32,"{""bias5"": -0.71, ""bias10"": -2.33, ""bias20"": -3.32}",77.59,-130.73,0.0,"{""k"": 18.12, ""d"": 20.72}",-2.86,1030.16,-13666244.0,8.33,1047.76,-5.81,14.22,-28041290.0,45.74,46.33,-82.81,,,,,,,,,,,,,-83000.0,83000.0,-83000.0,,,-6,0.0,,,,"{""ma25"": 48.47, ""ma25_slope"": -0.1592, ""vol5"": 3304971.0, ""vol60"": 3008764.0, ""vol120"": 3227309.0, ""vol_ratio_5_60"": 1.0984, ""low_vs_ma25_pct"": -5.6849, ""close_vs_ma25_pct"": -4.3231, ""body_size"": 0.01, ""upper_shadow"": 0.47, ""lower_shadow"": 0.66, ""pullback_count_25ma"": 10, ""first_pullback_flag"": 0, ""hard_filter_pass"": 0, ""pattern_type"": ""\u7121"", ""score"": 0.0}"
20260916,00634R,富邦上証反1,442767,160208,511146,3.18,3.21,3.17,3.19,0.0100,24,"-5,000",0,0,"{""upper"": 3.19, ""middle"": 3.14, ""lower"": 3.08}","{""upper"": 3.19, ""middle"": 3.14, ""lower"": 3.08}","{""upper"": 3.19, ""middle"": 3.14, ""lower"": 3.08}","{""cdp"": 3.19, ""ah"": 3.23, ""nh"": 3.21, ""nl"": 3.17, ""al"": 3.15}","{""ma5"": 3.17, ""ma10"": 3.15, ""ma20"": 3.14, ""ma25"": 3.12, ""ma60"": 3.1}","{""current_price"": 3.19, ""pb_high"": 6.23, ""pb_mid_high"": 4.68, ""pb_fair"": 3.12, ""pb_mid_low"": 2.49, ""pb_low"": 1.56}",1.56,"{""current_price"": 3.19, ""pe_high"": 4.66, ""pe_mid_high"": 3.72, ""pe_fair"": 3.1, ""pe_mid_low"": 2.48, ""pe_low"": 1.86}",3.15,"{""line1"": 3.18, ""line2"": 3.15, ""line3"": 3.12, ""line4"": 3.1, ""line5"": 3.06}","{""pdi"": 41.86, ""mdi"": 11.63, ""adx"": 56.52}","{""k"": 81.67, ""d"": 80.01, ""j"": 85.0}","{""dif"": 0.02, ""dea"": 0.01, ""dem"": 0.01, ""osc"": 0.01, ""mac"": 0.01}","{""rsi6"": 85.71, ""rsi12"": 73.68, ""rsi24"": 61.54}","{""current"": 160208.0, ""ma5"": 125129.0, ""ma10"": 93079.0, ""vol60"": 671721.0, ""vol120"": 594119.0}",-5000.0,-5000.0,0.0,"{""ema12"": 3.15, ""ema26"": 3.13, ""ema50"": 3.12}",118.18,0.0348,0.9949,3.16,"{""bias5"": 0.5, ""bias10"": 1.3, ""bias20"": 1.72}",95.56,137.88,0.0,"{""k"": 81.67, ""d"": 80.01}",0.09,940.98,6993206.0,66.67,1026.08,2.9,86.67,5519116.0,310.36,3.19,-15.38,,,,,,,,,,,,,-5000.0,5000.0,-5000.0,,,4,6.0,,,,"{""ma25"": 3.12, ""ma25_slope"": 0.0048, ""vol5"": 125129.0, ""vol60"": 671721.0, ""vol120"": 594119.0, ""vol_ratio_5_60"": 0.1863, ""low_vs_ma25_pct"": 1.5895, ""close_vs_ma25_pct"": 2.2305, ""body_size"": 0.01, ""upper_shadow"": 0.02, ""lower_shadow"": 0.01, ""pullback_count_25ma"": 21, ""first_pullback_flag"": 0, ""hard_filter_pass"": 0, ""pattern_type"": ""trap\u9677\u9631"", ""score"": 10.0}"
20260916,00635U,期元大S&P黃金,442768,1769460,78639593,44.26,44.84,44.21,44.69,0.2900,1645,"114,380",0,0,"{""upper"": 48.2, ""middle"": 45.84, ""lower"": 43.48}","{""upper"": 48.2, ""middle"": 45.84, ""lower"": 43.48}","{""upper"": 48.2, ""middle"": 45.84, ""lower"": 43.48}","{""cdp"": 44.61, ""ah"": 45.24, ""nh"": 45.01, ""nl"": 44.38, ""al"": 43.98}","{""ma5"": 44.64, ""ma10"": 45.15, ""ma20"": 45.84, ""ma25"": 45.76, ""ma60"": 43.92}","{""current_price"": 44.69, ""pb_high"": 91.74, ""pb_mid_high"": 68.81, ""pb_fair"": 45.87, ""pb_mid_low"": 36.7, ""pb_low"": 22.94}",22.94,"{""current_price"": 44.69, ""pe_high"": 65.89, ""pe_mid_high"": 52.71, ""pe_fair"": 43.92, ""pe_mid_low"": 35.14, ""pe_low"": 26.35}",44.9,"{""line1"": 47.41, ""line2"": 45.73, ""line3"": 44.98, ""line4"": 44.18, ""line5"": 42.53}","{""pdi"": 22.94, ""mdi"": 56.02, ""adx"": 41.9}","{""k"": 24.06, ""d"": 26.6, ""j"": 18.96}","{""dif"": -0.03, ""dea"": 0.24, ""dem"": 0.24, ""osc"": -0.53, ""mac"": -0.53}","{""rsi6"": 32.16, ""rsi12"": 40.25, ""rsi24"": 46.35}","{""current"": 1769460.0, ""ma5"": 2661376.0, ""ma10"": 2513471.0, ""vol60"": 3644708.0, ""vol120"": 4668551.0}",114380.0,114380.0,0.0,"{""ema12"": 45.15, ""ema26"": 45.11, ""ema50"": 44.97}",139.52,0.1029,0.2559,45.08,"{""bias5"": 0.12, ""bias10"": -1.02, ""bias20"": -2.51}",94.52,-78.2,0.0,"{""k"": 24.06, ""d"": 26.6}",-1.11,974.11,18504966.0,41.67,988.44,-2.42,11.68,13063033.0,99.17,44.61,-76.81,,,,,,,,,,,,,114380.0,-114380.0,114380.0,,,-2,0.6,,,,"{""ma25"": 45.76, ""ma25_slope"": -0.038, ""vol5"": 2661376.0, ""vol60"": 3644708.0, ""vol120"": 4668551.0, ""vol_ratio_5_60"": 0.7302, ""low_vs_ma25_pct"": -3.3872, ""close_vs_ma25_pct"": -2.3383, ""body_size"": 0.43, ""upper_shadow"": 0.15, ""lower_shadow"": 0.05, ""pullback_count_25ma"": 9, ""first_pullback_flag"": 0, ""hard_filter_pass"": 0, ""pattern_type"": ""trap\u9677\u9631"", ""score"": 0.0}"
20260916,00636,國泰中國A50,442769,1009147,27288885,27.03,27.15,26.87,27.07,0.0400,805,"-25,648",0,0,"{""upper"": 28.09, ""middle"": 27.49, ""lower"": 26.89}","{""upper"": 28.09, ""middle"": 27.49, ""lower"": 26.89}","{""upper"": 28.09, ""middle"": 27.49, ""lower"": 26.89}","{""cdp"": 27.04, ""ah"": 27.32, ""nh"": 27.21, ""nl"": 26.93, ""al"": 26.76}","{""ma5"": 27.1, ""ma10"": 27.27, ""ma20"": 27.49, ""ma25"": 27.67, ""ma60"": 28.18}","{""current_price"": 27.07, ""pb_high"": 56.31, ""pb_mid_high"": 42.23, ""pb_fair"": 28.15, ""pb_mid_low"": 22.52, ""pb_low"": 14.08}",14.08,"{""current_price"": 27.07, ""pe_high"": 42.27, ""pe_mid_high"": 33.81, ""pe_fair"": 28.18, ""pe_mid_low"": 22.54, ""pe_low"": 16.91}",27.27,"{""line1"": 29.27, ""line2"": 28.6, ""line3"": 27.87, ""line4"": 26.94, ""line5"": 26.44}","{""pdi"": 15.01, ""mdi"": 27.36, ""adx"": 29.14}","{""k"": 16.77, ""d"": 16.42, ""j"": 17.47}","{""dif"": -0.3, ""dea"": -0.28, ""dem"": -0.28, ""osc"": -0.05, ""mac"": -0.05}","{""rsi6"": 27.27, ""rsi12"": 28.65, ""rsi24"": 34.78}","{""current"": 1009147.0, ""ma5"": 606032.0, ""ma10"": 409501.0, ""vol60"": 597034.0, ""vol120"": 679630.0}",-25648.0,-25648.0,0.0,"{""ema12"": 27.3, ""ema26"": 27.59, ""ema50"": 27.9}",54.56,0.0436,0.1511,27.28,"{""bias5"": -0.1, ""bias10"": -0.73, ""bias20"": -1.52}",67.41,-107.29,0.0,"{""k"": 16.77, ""d"": 16.42}",-0.73,1004.01,281173.0,33.33,1048.99,-2.63,13.79,337930.0,92.91,27.04,-80.58,,,,,,,,,,,,,-25648.0,25648.0,-25648.0,,,-4,0.6,,,,"{""ma25"": 27.67, ""ma25_slope"": -0.0564, ""vol5"": 606032.0, ""vol60"": 597034.0, ""vol120"": 679630.0, ""vol_ratio_5_60"": 1.0151, ""low_vs_ma25_pct"": -2.8968, ""close_vs_ma25_pct"": -2.1741, ""body_size"": 0.04, ""upper_shadow"": 0.08, ""lower_shadow"": 0.16, ""pullback_count_25ma"": 9, ""first_pullback_flag"": 0, ""hard_filter_pass"": 0, ""pattern_type"": ""\u7121"", ""score"": 0.0}"
20260916,00636K,國泰中國A50+U,442770,200,1706,8.53,8.53,8.53,8.53,-0.0200,2,0,0,0,"{""upper"": 8.87, ""middle"": 8.7, ""lower"": 8.52}","{""upper"": 8.87, ""middle"": 8.7, ""lower"": 8.52}","{""upper"": 8.87, ""middle"": 8.7, ""lower"": 8.52}","{""cdp"": 8.53, ""ah"": 8.53, ""nh"": 8.53, ""nl"": 8.53, ""al"": 8.53}","{""ma5"": 8.56, ""ma10"": 8.64, ""ma20"": 8.7, ""ma25"": 8.74, ""ma60"": 8.84}","{""current_price"": 8.53, ""pb_high"": 17.47, ""pb_mid_high"": 13.1, ""pb_fair"": 8.73, ""pb_mid_low"": 6.99, ""pb_low"": 4.37}",4.37,"{""current_price"": 8.53, ""pe_high"": 13.27, ""pe_mid_high"": 10.61, ""pe_fair"": 8.84, ""pe_mid_low"": 7.08, ""pe_low"": 5.31}",8.6,"{""line1"": 8.98, ""line2"": 8.92, ""line3"": 8.75, ""line4"": 8.57, ""line5"": 8.46}","{""pdi"": 30.88, ""mdi"": 69.12, ""adx"": 38.24}","{""k"": 5.48, ""d"": 13.53, ""j"": -10.62}","{""dif"": -0.07, ""dea"": -0.05, ""dem"": -0.05, ""osc"": -0.04, ""mac"": -0.04}","{""rsi6"": 10.0, ""rsi12"": 26.0, ""rsi24"": 33.64}","{""current"": 200.0, ""ma5"": 200.0, ""ma10"": 200.0, ""vol60"": 207.0, ""vol120"": 220.0}",0.0,0.0,0.0,"{""ema12"": 8.63, ""ema26"": 8.7, ""ema50"": 8.75}",104.17,0.0409,0.036,8.62,"{""bias5"": -0.35, ""bias10"": -1.25, ""bias20"": -1.9}",64.47,-122.16,0.0,"{""k"": 5.48, ""d"": 13.53}",-0.24,1011.36,500.0,41.67,986.55,-2.74,0.0,0,126.09,8.53,-100.0,,,,,,,,,,,,,0.0,0.0,0.0,,,2,0.6,,,,"{""ma25"": 8.74, ""ma25_slope"": -0.0156, ""vol5"": 200.0, ""vol60"": 207.0, ""vol120"": 220.0, ""vol_ratio_5_60"": 0.9677, ""low_vs_ma25_pct"": -2.3759, ""close_vs_ma25_pct"": -2.3759, ""body_size"": 0.0, ""upper_shadow"": 0.0, ""lower_shadow"": 0.0, ""pullback_count_25ma"": 6, ""first_pullback_flag"": 0, ""hard_filter_pass"": 0, ""pattern_type"": ""trap\u9677\u9631"", ""score"": 0.0}"
20260916,00637L,元大滬深300正2,442771,33230448,636007599,19.21,19.34,18.91,19.17,-0.0900,3505,"-780,000",0,0,"{""upper"": 20.45, ""middle"": 19.77, ""lower"": 19.08}","{""upper"": 20.45, ""middle"": 19.77, ""lower"": 19.08}","{""upper"": 20.45, ""middle"": 19.77, ""lower"": 19.08}","{""cdp"": 19.15, ""ah"": 19.58, ""nh"": 19.39, ""nl"": 18.96, ""al"": 18.72}","{""ma5"": 19.27, ""ma10"": 19.55, ""ma20"": 19.77, ""ma25"": 20.0, ""ma60"": 20.51}","{""current_price"": 19.17, ""pb_high"": 41.42, ""pb_mid_high"": 31.07, ""pb_fair"": 20.71, ""pb_mid_low"": 16.57, ""pb_low"": 10.36}",10.36,"{""current_price"": 19.17, ""pe_high"": 30.76, ""pe_mid_high"": 24.61, ""pe_fair"": 20.51, ""pe_mid_low"": 16.41, ""pe_low"": 12.31}",19.63,"{""line1"": 21.81, ""line2"": 20.94, ""line3"": 20.15, ""line4"": 19.16, ""line5"": 18.59}","{""pdi"": 10.49, ""mdi"": 30.8, ""adx"": 49.18}","{""k"": 18.11, ""d"": 19.69, ""j"": 14.96}","{""dif"": -0.34, ""dea"": -0.29, ""dem"": -0.29, ""osc"": -0.11, ""mac"": -0.11}","{""rsi6"": 8.62, ""rsi12"": 25.34, ""rsi24"": 36.74}","{""current"": 33230448.0, ""ma5"": 24867318.0, ""ma10"": 18689238.0, ""vol60"": 24089959.0, ""vol120"": 26623317.0}",-780000.0,-780000.0,0.0,"{""ema12"": 19.56, ""ema26"": 19.86, ""ema50"": 20.26}",63.53,0.0692,0.0652,19.52,"{""bias5"": -0.54, ""bias10"": -1.97, ""bias20"": -3.01}",75.29,-128.83,0.0,"{""k"": 18.11, ""d"": 19.69}",-1.09,1120.08,-148198446.0,16.67,969.17,-5.38,13.2,-206604628.0,42.45,19.15,-82.43,,,,,,,,,,,,,-780000.0,780000.0,-780000.0,,,-8,0.14,,,,"{""ma25"": 20.0, ""ma25_slope"": -0.0708, ""vol5"": 24867318.0, ""vol60"": 24089959.0, ""vol120"": 26623317.0, ""vol_ratio_5_60"": 1.0323, ""low_vs_ma25_pct"": -5.4462, ""close_vs_ma25_pct"": -4.1462, ""body_size"": 0.04, ""upper_shadow"": 0.13, ""lower_shadow"": 0.26, ""pullback_count_25ma"": 9, ""first_pullback_flag"": 0, ""hard_filter_pass"": 0, ""pattern_type"": ""\u7121"", ""score"": 0.0}"
20260916,00638R,元大滬深300反1,442772,120484,820165,6.81,6.86,6.77,6.77,-0.0300,17,0,0,0,,,,,,,,,,,,,,,,,,,,,,,,,,,,,,,,,,,,,,,,,,,,,,,,,,,,,,,,,,,,,,
20260916,00639,富邦深100,442773,857477,13570262,15.88,15.94,15.65,15.79,-0.0100,676,"124,000",0,0,"{""upper"": 16.88, ""middle"": 16.22, ""lower"": 15.56}","{""upper"": 16.88, ""middle"": 16.22, ""lower"": 15.56}","{""upper"": 16.88, ""middle"": 16.22, ""lower"": 15.56}","{""cdp"": 15.79, ""ah"": 16.08, ""nh"": 15.94, ""nl"": 15.65, ""al"": 15.5}","{""ma5"": 15.83, ""ma10"": 15.97, ""ma20"": 16.22, ""ma25"": 16.42, ""ma60"": 17.1}","{""current_price"": 15.79, ""pb_high"": 34.33, ""pb_mid_high"": 25.75, ""pb_fair"": 17.16, ""pb_mid_low"": 13.73, ""pb_low"": 8.58}",8.58,"{""current_price"": 15.79, ""pe_high"": 25.64, ""pe_mid_high"": 20.52, ""pe_fair"": 17.1, ""pe_mid_low"": 13.68, ""pe_low"": 10.26}",16.0,"{""line1"": 18.27, ""line2"": 17.43, ""line3"": 16.57, ""line4"": 15.65, ""line5"": 15.15}","{""pdi"": 4.95, ""mdi"": 34.67, ""adx"": 75.0}","{""k"": 19.3, ""d"": 16.61, ""j"": 24.67}","{""dif"": -0.32, ""dea"": -0.31, ""dem"": -0.31, ""osc"": -0.03, ""mac"": -0.03}","{""rsi6"": 0.0, ""rsi12"": 19.59, ""rsi24"": 29.49}","{""current"": 857477.0, ""ma5"": 687473.0, ""ma10"": 624537.0, ""vol60"": 923710.0, ""vol120"": 1020606.0}",124000.0,124000.0,0.0,"{""ema12"": 16.02, ""ema26"": 16.34, ""ema50"": 16.72}",53.64,0.0816,0.1754,16.01,"{""bias5"": -0.24, ""bias10"": -1.11, ""bias20"": -2.65}",79.85,-114.35,0.0,"{""k"": 19.3, ""d"": 16.61}",-0.59,1123.72,-5650444.0,16.67,971.05,-3.6,8.75,-7028257.0,49.22,15.79,-83.53,,,,,,,,,,,,,124000.0,-124000.0,124000.0,,,-9,0.14,,,,"{""ma25"": 16.42, ""ma25_slope"": -0.0584, ""vol5"": 687473.0, ""vol60"": 923710.0, ""vol120"": 1020606.0, ""vol_ratio_5_60"": 0.7443, ""low_vs_ma25_pct"": -4.7103, ""close_vs_ma25_pct"": -3.8579, ""body_size"": 0.09, ""upper_shadow"": 0.06, ""lower_shadow"": 0.14, ""pullback_count_25ma"": 6, ""first_pullback_flag"": 0, ""hard_filter_pass"": 0, ""pattern_type"": ""trap\u9677\u9631"", ""score"": 0.0}"
20260916,00640L,富邦日本正2,442774,35747,3774123,105.80,105.95,105.10,105.40,1.0500,51,"-1,000",0,0,"{""upper"": 112.22, ""middle"": 107.2, ""lower"": 102.17}","{""upper"": 112.22, ""middle"": 107.2, ""lower"": 102.17}","{""upper"": 112.22, ""middle"": 107.2, ""lower"": 102.17}","{""cdp"": 105.46, ""ah"": 106.31, ""nh"": 105.83, ""nl"": 104.98, ""al"": 104.61}","{""ma5"": 104.68, ""ma10"": 105.82, ""ma20"": 107.2, ""ma25"": 108.17, ""ma60"": 106.14}","{""current_price"": 105.4, ""pb_high"": 201.05, ""pb_mid_high"": 150.79, ""pb_fair"": 100.53, ""pb_mid_low"": 80.42, ""pb_low"": 50.26}",50.26,"{""current_price"": 105.4, ""pe_high"": 159.21, ""pe_mid_high"": 127.37, ""pe_fair"": 106.14, ""pe_mid_low"": 84.91, ""pe_low"": 63.69}",102.52,"{""line1"": 112.39, ""line2"": 109.89, ""line3"": 107.03, ""line4"": 103.87, ""line5"": 100.33}","{""pdi"": 16.99, ""mdi"": 44.42, ""adx"": 44.67}","{""k"": 32.51, ""d"": 27.59, ""j"": 42.34}","{""dif"": -0.64, ""dea"": -0.12, ""dem"": -0.12, ""osc"": -1.04, ""mac"": -1.04}","{""rsi6"": 50.53, ""rsi12"": 25.34, ""rsi24"": 43.17}","{""current"": 35747.0, ""ma5"": 77220.0, ""ma10"": 77342.0, ""vol60"": 150432.0, ""vol120"": 286227.0}",-1000.0,-1000.0,0.0,"{""ema12"": 106.18, ""ema26"": 106.78, ""ema50"": 105.89}",114.78,0.0938,0.3212,105.99,"{""bias5"": 0.69, ""bias10"": -0.4, ""bias20"": -1.68}",85.3,-44.53,0.0,"{""k"": 32.51, ""d"": 27.59}",-7.3,1099.19,325635.0,33.33,910.19,-6.48,28.64,-47902.0,90.23,105.46,-71.36,,,,,,,,,,,,,-1000.0,1000.0,-1000.0,,,4,0.6,,,,"{""ma25"": 108.17, ""ma25_slope"": -0.18, ""vol5"": 77220.0, ""vol60"": 150432.0, ""vol120"": 286227.0, ""vol_ratio_5_60"": 0.5133, ""low_vs_ma25_pct"": -2.8417, ""close_vs_ma25_pct"": -2.5644, ""body_size"": 0.4, ""upper_shadow"": 0.15, ""lower_shadow"": 0.3, ""pullback_count_25ma"": 11, ""first_pullback_flag"": 0, ""hard_filter_pass"": 0, ""pattern_type"": ""trap\u9677\u9631"", ""score"": 0.0}"
20260916,00641R,富邦日本反1,442775,821060,3051692,3.71,3.72,3.70,3.72,-0.0200,44,0,0,0,"{""upper"": 3.78, ""middle"": 3.69, ""lower"": 3.6}","{""upper"": 3.78, ""middle"": 3.69, ""lower"": 3.6}","{""upper"": 3.78, ""middle"": 3.69, ""lower"": 3.6}","{""cdp"": 3.71, ""ah"": 3.73, ""nh"": 3.73, ""nl"": 3.71, ""al"": 3.69}","{""ma5"": 3.73, ""ma10"": 3.71, ""ma20"": 3.69, ""ma25"": 3.68, ""ma60"": 3.74}","{""current_price"": 3.72, ""pb_high"": 7.74, ""pb_mid_high"": 5.81, ""pb_fair"": 3.87, ""pb_mid_low"": 3.1, ""pb_low"": 1.94}",1.94,"{""current_price"": 3.72, ""pe_high"": 5.61, ""pe_mid_high"": 4.48, ""pe_fair"": 3.74, ""pe_mid_low"": 2.99, ""pe_low"": 2.24}",3.77,"{""line1"": 3.88, ""line2"": 3.79, ""line3"": 3.71, ""line4"": 3.62, ""line5"": 3.56}","{""pdi"": 39.29, ""mdi"": 16.07, ""adx"": 41.94}","{""k"": 72.33, ""d"": 74.05, ""j"": 68.87}","{""dif"": 0.0, ""dea"": -0.01, ""dem"": -0.01, ""osc"": 0.02, ""mac"": 0.02}","{""rsi6"": 55.56, ""rsi12"": 68.97, ""rsi24"": 52.31}","{""current"": 821060.0, ""ma5"": 665186.0, ""ma10"": 1007522.0, ""vol60"": 1576549.0, ""vol120"": 1757200.0}",0.0,0.0,0.0,"{""ema12"": 3.71, ""ema26"": 3.7, ""ema50"": 3.73}",52.83,0.0496,0.6721,3.71,"{""bias5"": -0.32, ""bias10"": 0.32, ""bias20"": 0.85}",94.55,48.0,0.0,"{""k"": 72.33, ""d"": 74.05}",0.11,1025.26,-11206276.0,50.0,977.98,3.05,72.22,-4715537.0,63.36,3.71,-27.78,,,,,,,,,,,,,0.0,0.0,0.0,,,-2,1.67,,,,"{""ma25"": 3.68, ""ma25_slope"": 0.0012, ""vol5"": 665186.0, ""vol60"": 1576549.0, ""vol120"": 1757200.0, ""vol_ratio_5_60"": 0.4219, ""low_vs_ma25_pct"": 0.5107, ""close_vs_ma25_pct"": 1.054, ""body_size"": 0.01, ""upper_shadow"": 0.0, ""lower_shadow"": 0.01, ""pullback_count_25ma"": 12, ""first_pullback_flag"": 0, ""hard_filter_pass"": 0, ""pattern_type"": ""trap\u9677\u9631"", ""score"": 30.0}"
20260916,00642U,期元大S&P石油,442776,1720394,59037469,34.40,34.48,34.10,34.24,0.3200,783,"3,956",0,0,"{""upper"": 35.18, ""middle"": 30.42, ""lower"": 25.67}","{""upper"": 35.18, ""middle"": 30.42, ""lower"": 25.67}","{""upper"": 35.18, ""middle"": 30.42, ""lower"": 25.67}","{""cdp"": 34.27, ""ah"": 34.64, ""nh"": 34.43, ""nl"": 34.05, ""al"": 33.89}","{""ma5"": 33.9, ""ma10"": 32.41, ""ma20"": 30.42, ""ma25"": 29.81, ""ma60"": 27.24}","{""current_price"": 34.24, ""pb_high"": 55.84, ""pb_mid_high"": 41.88, ""pb_fair"": 27.92, ""pb_mid_low"": 22.33, ""pb_low"": 13.96}",13.96,"{""current_price"": 34.24, ""pe_high"": 40.86, ""pe_mid_high"": 32.69, ""pe_fair"": 27.24, ""pe_mid_low"": 21.79, ""pe_low"": 16.34}",33.44,"{""line1"": 32.64, ""line2"": 30.31, ""line3"": 28.75, ""line4"": 27.99, ""line5"": 25.33}","{""pdi"": 69.81, ""mdi"": 1.1, ""adx"": 96.89}","{""k"": 94.39, ""d"": 93.45, ""j"": 96.27}","{""dif"": 1.81, ""dea"": 1.4, ""dem"": 1.4, ""osc"": 0.82, ""mac"": 0.82}","{""rsi6"": 100.0, ""rsi12"": 97.7, ""rsi24"": 77.83}","{""current"": 1720394.0, ""ma5"": 3262154.0, ""ma10"": 2621311.0, ""vol60"": 3729649.0, ""vol120"": 9878560.0}",3956.0,3956.0,0.0,"{""ema12"": 32.22, ""ema26"": 30.33, ""ema50"": 29.05}",98.48,0.3124,0.9015,32.4,"{""bias5"": 1.0, ""bias10"": 5.64, ""bias20"": 12.54}",375.63,104.96,0.0,"{""k"": 94.39, ""d"": 93.45}",5.38,790.81,34102106.0,83.33,915.53,18.64,96.93,-15317057.0,396.61,34.27,-3.77,,,,,,,,,,,,,3956.0,-3956.0,3956.0,,,12,9.99,,,,"{""ma25"": 29.81, ""ma25_slope"": 0.282, ""vol5"": 3262154.0, ""vol60"": 3729649.0, ""vol120"": 9878560.0, ""vol_ratio_5_60"": 0.8747, ""low_vs_ma25_pct"": 14.3758, ""close_vs_ma25_pct"": 14.8454, ""body_size"": 0.16, ""upper_shadow"": 0.08, ""lower_shadow"": 0.14, ""pullback_count_25ma"": 2, ""first_pullback_flag"": 0, ""hard_filter_pass"": 0, ""pattern_type"": ""trap\u9677\u9631"", ""score"": 10.0}"
20260916,00643,群益深証中小,442777,3411276,61019391,17.81,18.00,17.68,17.79,-0.0800,337,"-8,000",0,0,"{""upper"": 18.75, ""middle"": 18.19, ""lower"": 17.63}","{""upper"": 18.75, ""middle"": 18.19, ""lower"": 17.63}","{""upper"": 18.75, ""middle"": 18.19, ""lower"": 17.63}","{""cdp"": 17.81, ""ah"": 18.13, ""nh"": 17.95, ""nl"": 17.63, ""al"": 17.49}","{""ma5"": 17.83, ""ma10"": 17.96, ""ma20"": 18.19, ""ma25"": 18.39, ""ma60"": 19.01}","{""current_price"": 17.79, ""pb_high"": 38.38, ""pb_mid_high"": 28.78, ""pb_fair"": 19.19, ""pb_mid_low"": 15.35, ""pb_low"": 9.59}",9.59,"{""current_price"": 17.79, ""pe_high"": 28.52, ""pe_mid_high"": 22.81, ""pe_fair"": 19.01, ""pe_mid_low"": 15.21, ""pe_low"": 11.41}",18.01,"{""line1"": 20.08, ""line2"": 19.33, ""line3"": 18.48, ""line4"": 17.66, ""line5"": 17.18}","{""pdi"": 8.13, ""mdi"": 35.84, ""adx"": 63.01}","{""k"": 27.52, ""d"": 24.64, ""j"": 33.27}","{""dif"": -0.29, ""dea"": -0.27, ""dem"": -0.27, ""osc"": -0.04, ""mac"": -0.04}","{""rsi6"": 9.38, ""rsi12"": 15.05, ""rsi24"": 31.65}","{""current"": 3411276.0, ""ma5"": 2731084.0, ""ma10"": 2423733.0, ""vol60"": 2782917.0, ""vol120"": 2816261.0}",-8000.0,-8000.0,0.0,"{""ema12"": 18.02, ""ema26"": 18.3, ""ema50"": 18.67}",57.53,0.0616,0.1465,18.0,"{""bias5"": -0.21, ""bias10"": -0.95, ""bias20"": -2.18}",70.2,-98.04,0.0,"{""k"": 27.52, ""d"": 24.64}",-0.65,1020.23,-17383231.0,25.0,1044.08,-3.52,10.76,-18465335.0,54.95,17.81,-82.65,,,,,,,,,,,,,-8000.0,8000.0,-8000.0,,,-6,0.33,,,,"{""ma25"": 18.39, ""ma25_slope"": -0.0608, ""vol5"": 2731084.0, ""vol60"": 2782917.0, ""vol120"": 2816261.0, ""vol_ratio_5_60"": 0.9814, ""low_vs_ma25_pct"": -3.8399, ""close_vs_ma25_pct"": -3.2416, ""body_size"": 0.02, ""upper_shadow"": 0.19, ""lower_shadow"": 0.11, ""pullback_count_25ma"": 5, ""first_pullback_flag"": 0, ""hard_filter_pass"": 0, ""pattern_type"": ""trap\u9677\u9631"", ""score"": 0.0}"
